FREQ,Frequenza,REF_AREA,Territorio,DATA_TYPE,Indicatore,ADJUSTMENT,Correzione,TYPE_ACCOMMODATION,Tipologia di esercizio,ECON_ACTIVITY_NACE_2007,Attività economica (ATECO 2007),COUNTRY_RES_GUESTS,Paese di residenza dei clienti,TIME_PERIOD,Osservazione,OBS_STATUS,'Stato dell"'osservazione'
A,Annuale,ITD35,Venezia,AR,Arrivi,N,Dati grezzi,ALL,Totale esercizi ricettivi,551_553,'Alberghi e strutture simili, alloggi per vacanze e altre strutture per brevi soggiorni, aree di campeggio e aree attrezzate per camper e roulotte',WORLD,Mondo,2008,7279338,,
A,Annuale,ITD35,Venezia,AR,Arrivi,N,Dati grezzi,ALL,Totale esercizi ricettivi,551_553,'Alberghi e strutture simili, alloggi per vacanze e altre strutture per brevi soggiorni, aree di campeggio e aree attrezzate per camper e roulotte',WORLD,Mondo,2009,7235628,,
A,Annuale,ITD35,Venezia,AR,Arrivi,N,Dati grezzi,ALL,Totale esercizi ricettivi,551_553,'Alberghi e strutture simili, alloggi per vacanze e altre strutture per brevi soggiorni, aree di campeggio e aree attrezzate per camper e roulotte',WORLD,Mondo,2010,7547310,,
A,Annuale,ITD35,Venezia,AR,Arrivi,N,Dati grezzi,ALL,Totale esercizi ricettivi,551_553,'Alberghi e strutture simili, alloggi per vacanze e altre strutture per brevi soggiorni, aree di campeggio e aree attrezzate per camper e roulotte',WORLD,Mondo,2011,8254966,,
A,Annuale,ITD35,Venezia,AR,Arrivi,N,Dati grezzi,ALL,Totale esercizi ricettivi,551_553,'Alberghi e strutture simili, alloggi per vacanze e altre strutture per brevi soggiorni, aree di campeggio e aree attrezzate per camper e roulotte',WORLD,Mondo,2012,8207364,,
A,Annuale,ITD35,Venezia,AR,Arrivi,N,Dati grezzi,ALL,Totale esercizi ricettivi,551_553,'Alberghi e strutture simili, alloggi per vacanze e altre strutture per brevi soggiorni, aree di campeggio e aree attrezzate per camper e roulotte',WORLD,Mondo,2013,8240596,,
A,Annuale,ITD35,Venezia,AR,Arrivi,N,Dati grezzi,ALL,Totale esercizi ricettivi,551_553,'Alberghi e strutture simili, alloggi per vacanze e altre strutture per brevi soggiorni, aree di campeggio e aree attrezzate per camper e roulotte',WORLD,Mondo,2014,8323059,,
A,Annuale,ITD35,Venezia,AR,Arrivi,N,Dati grezzi,ALL,Totale esercizi ricettivi,551_553,'Alberghi e strutture simili, alloggi per vacanze e altre strutture per brevi soggiorni, aree di campeggio e aree attrezzate per camper e roulotte',WORLD,Mondo,2015,8652195,,
A,Annuale,ITD35,Venezia,AR,Arrivi,N,Dati grezzi,ALL,Totale esercizi ricettivi,551_553,'Alberghi e strutture simili, alloggi per vacanze e altre strutture per brevi soggiorni, aree di campeggio e aree attrezzate per camper e roulotte',WORLD,Mondo,2016,8798677,,
A,Annuale,ITD35,Venezia,AR,Arrivi,N,Dati grezzi,ALL,Totale esercizi ricettivi,551_553,'Alberghi e strutture simili, alloggi per vacanze e altre strutture per brevi soggiorni, aree di campeggio e aree attrezzate per camper e roulotte',WORLD,Mondo,2017,9500934,,
A,Annuale,ITD35,Venezia,AR,Arrivi,N,Dati grezzi,ALL,Totale esercizi ricettivi,551_553,'Alberghi e strutture simili, alloggi per vacanze e altre strutture per brevi soggiorni, aree di campeggio e aree attrezzate per camper e roulotte',WORLD,Mondo,2018,9677150,,
A,Annuale,ITD35,Venezia,AR,Arrivi,N,Dati grezzi,ALL,Totale esercizi ricettivi,551_553,'Alberghi e strutture simili, alloggi per vacanze e altre strutture per brevi soggiorni, aree di campeggio e aree attrezzate per camper e roulotte',WORLD,Mondo,2019,9979780,,
A,Annuale,ITD35,Venezia,AR,Arrivi,N,Dati grezzi,ALL,Totale esercizi ricettivi,551_553,'Alberghi e strutture simili, alloggi per vacanze e altre strutture per brevi soggiorni, aree di campeggio e aree attrezzate per camper e roulotte',WORLD,Mondo,2020,3699264,,
A,Annuale,ITD35,Venezia,AR,Arrivi,N,Dati grezzi,ALL,Totale esercizi ricettivi,551_553,'Alberghi e strutture simili, alloggi per vacanze e altre strutture per brevi soggiorni, aree di campeggio e aree attrezzate per camper e roulotte',WORLD,Mondo,2021,5558749,,
A,Annuale,ITD35,Venezia,AR,Arrivi,N,Dati grezzi,ALL,Totale esercizi ricettivi,551_553,'Alberghi e strutture simili, alloggi per vacanze e altre strutture per brevi soggiorni, aree di campeggio e aree attrezzate per camper e roulotte',WORLD,Mondo,2022,8931773,,
A,Annuale,ITD35,Venezia,AR,Arrivi,N,Dati grezzi,ALL,Totale esercizi ricettivi,551_553,'Alberghi e strutture simili, alloggi per vacanze e altre strutture per brevi soggiorni, aree di campeggio e aree attrezzate per camper e roulotte',WORLD,Mondo,2023,10407069,,
A,Annuale,ITD35,Venezia,AR,Arrivi,N,Dati grezzi,ALL,Totale esercizi ricettivi,551_553,'Alberghi e strutture simili, alloggi per vacanze e altre strutture per brevi soggiorni, aree di campeggio e aree attrezzate per camper e roulotte',WORLD,Mondo,2024,10664823,,
A,Annuale,ITD35,Venezia,AR,Arrivi,N,Dati grezzi,HOTELLIKE,Esercizi alberghieri,551_553,'Alberghi e strutture simili, alloggi per vacanze e altre strutture per brevi soggiorni, aree di campeggio e aree attrezzate per camper e roulotte',WORLD,Mondo,2008,4722033,,
A,Annuale,ITD35,Venezia,AR,Arrivi,N,Dati grezzi,HOTELLIKE,Esercizi alberghieri,551_553,'Alberghi e strutture simili, alloggi per vacanze e altre strutture per brevi soggiorni, aree di campeggio e aree attrezzate per camper e roulotte',WORLD,Mondo,2009,4607999,,
A,Annuale,ITD35,Venezia,AR,Arrivi,N,Dati grezzi,HOTELLIKE,Esercizi alberghieri,551_553,'Alberghi e strutture simili, alloggi per vacanze e altre strutture per brevi soggiorni, aree di campeggio e aree attrezzate per camper e roulotte',WORLD,Mondo,2010,4934572,,
A,Annuale,ITD35,Venezia,AR,Arrivi,N,Dati grezzi,HOTELLIKE,Esercizi alberghieri,551_553,'Alberghi e strutture simili, alloggi per vacanze e altre strutture per brevi soggiorni, aree di campeggio e aree attrezzate per camper e roulotte',WORLD,Mondo,2011,5453574,,
A,Annuale,ITD35,Venezia,AR,Arrivi,N,Dati grezzi,HOTELLIKE,Esercizi alberghieri,551_553,'Alberghi e strutture simili, alloggi per vacanze e altre strutture per brevi soggiorni, aree di campeggio e aree attrezzate per camper e roulotte',WORLD,Mondo,2012,5428171,,
A,Annuale,ITD35,Venezia,AR,Arrivi,N,Dati grezzi,HOTELLIKE,Esercizi alberghieri,551_553,'Alberghi e strutture simili, alloggi per vacanze e altre strutture per brevi soggiorni, aree di campeggio e aree attrezzate per camper e roulotte',WORLD,Mondo,2013,5493640,,
A,Annuale,ITD35,Venezia,AR,Arrivi,N,Dati grezzi,HOTELLIKE,Esercizi alberghieri,551_553,'Alberghi e strutture simili, alloggi per vacanze e altre strutture per brevi soggiorni, aree di campeggio e aree attrezzate per camper e roulotte',WORLD,Mondo,2014,5469397,,
A,Annuale,ITD35,Venezia,AR,Arrivi,N,Dati grezzi,HOTELLIKE,Esercizi alberghieri,551_553,'Alberghi e strutture simili, alloggi per vacanze e altre strutture per brevi soggiorni, aree di campeggio e aree attrezzate per camper e roulotte',WORLD,Mondo,2015,5700215,,
A,Annuale,ITD35,Venezia,AR,Arrivi,N,Dati grezzi,HOTELLIKE,Esercizi alberghieri,551_553,'Alberghi e strutture simili, alloggi per vacanze e altre strutture per brevi soggiorni, aree di campeggio e aree attrezzate per camper e roulotte',WORLD,Mondo,2016,5788675,,
A,Annuale,ITD35,Venezia,AR,Arrivi,N,Dati grezzi,HOTELLIKE,Esercizi alberghieri,551_553,'Alberghi e strutture simili, alloggi per vacanze e altre strutture per brevi soggiorni, aree di campeggio e aree attrezzate per camper e roulotte',WORLD,Mondo,2017,6050503,,
A,Annuale,ITD35,Venezia,AR,Arrivi,N,Dati grezzi,HOTELLIKE,Esercizi alberghieri,551_553,'Alberghi e strutture simili, alloggi per vacanze e altre strutture per brevi soggiorni, aree di campeggio e aree attrezzate per camper e roulotte',WORLD,Mondo,2018,6125514,,
A,Annuale,ITD35,Venezia,AR,Arrivi,N,Dati grezzi,HOTELLIKE,Esercizi alberghieri,551_553,'Alberghi e strutture simili, alloggi per vacanze e altre strutture per brevi soggiorni, aree di campeggio e aree attrezzate per camper e roulotte',WORLD,Mondo,2019,6084046,,
A,Annuale,ITD35,Venezia,AR,Arrivi,N,Dati grezzi,HOTELLIKE,Esercizi alberghieri,551_553,'Alberghi e strutture simili, alloggi per vacanze e altre strutture per brevi soggiorni, aree di campeggio e aree attrezzate per camper e roulotte',WORLD,Mondo,2020,2011172,,
A,Annuale,ITD35,Venezia,AR,Arrivi,N,Dati grezzi,HOTELLIKE,Esercizi alberghieri,551_553,'Alberghi e strutture simili, alloggi per vacanze e altre strutture per brevi soggiorni, aree di campeggio e aree attrezzate per camper e roulotte',WORLD,Mondo,2021,2920938,,
A,Annuale,ITD35,Venezia,AR,Arrivi,N,Dati grezzi,HOTELLIKE,Esercizi alberghieri,551_553,'Alberghi e strutture simili, alloggi per vacanze e altre strutture per brevi soggiorni, aree di campeggio e aree attrezzate per camper e roulotte',WORLD,Mondo,2022,4943312,,
A,Annuale,ITD35,Venezia,AR,Arrivi,N,Dati grezzi,HOTELLIKE,Esercizi alberghieri,551_553,'Alberghi e strutture simili, alloggi per vacanze e altre strutture per brevi soggiorni, aree di campeggio e aree attrezzate per camper e roulotte',WORLD,Mondo,2023,5775085,,
A,Annuale,ITD35,Venezia,AR,Arrivi,N,Dati grezzi,HOTELLIKE,Esercizi alberghieri,551_553,'Alberghi e strutture simili, alloggi per vacanze e altre strutture per brevi soggiorni, aree di campeggio e aree attrezzate per camper e roulotte',WORLD,Mondo,2024,5798575,,
A,Annuale,ITD35,Venezia,AR,Arrivi,N,Dati grezzi,4_5_5P_STARSHOTELS,'Alberghi di 5 stelle, 5 stelle lusso e 4 stelle',551_553,'Alberghi e strutture simili, alloggi per vacanze e altre strutture per brevi soggiorni, aree di campeggio e aree attrezzate per camper e roulotte',WORLD,Mondo,2008,1964346,,
A,Annuale,ITD35,Venezia,AR,Arrivi,N,Dati grezzi,4_5_5P_STARSHOTELS,'Alberghi di 5 stelle, 5 stelle lusso e 4 stelle',551_553,'Alberghi e strutture simili, alloggi per vacanze e altre strutture per brevi soggiorni, aree di campeggio e aree attrezzate per camper e roulotte',WORLD,Mondo,2009,1980260,,
A,Annuale,ITD35,Venezia,AR,Arrivi,N,Dati grezzi,4_5_5P_STARSHOTELS,'Alberghi di 5 stelle, 5 stelle lusso e 4 stelle',551_553,'Alberghi e strutture simili, alloggi per vacanze e altre strutture per brevi soggiorni, aree di campeggio e aree attrezzate per camper e roulotte',WORLD,Mondo,2010,2283858,,
A,Annuale,ITD35,Venezia,AR,Arrivi,N,Dati grezzi,4_5_5P_STARSHOTELS,'Alberghi di 5 stelle, 5 stelle lusso e 4 stelle',551_553,'Alberghi e strutture simili, alloggi per vacanze e altre strutture per brevi soggiorni, aree di campeggio e aree attrezzate per camper e roulotte',WORLD,Mondo,2011,2633781,,
A,Annuale,ITD35,Venezia,AR,Arrivi,N,Dati grezzi,4_5_5P_STARSHOTELS,'Alberghi di 5 stelle, 5 stelle lusso e 4 stelle',551_553,'Alberghi e strutture simili, alloggi per vacanze e altre strutture per brevi soggiorni, aree di campeggio e aree attrezzate per camper e roulotte',WORLD,Mondo,2012,2615472,,
A,Annuale,ITD35,Venezia,AR,Arrivi,N,Dati grezzi,4_5_5P_STARSHOTELS,'Alberghi di 5 stelle, 5 stelle lusso e 4 stelle',551_553,'Alberghi e strutture simili, alloggi per vacanze e altre strutture per brevi soggiorni, aree di campeggio e aree attrezzate per camper e roulotte',WORLD,Mondo,2013,2749513,,
A,Annuale,ITD35,Venezia,AR,Arrivi,N,Dati grezzi,4_5_5P_STARSHOTELS,'Alberghi di 5 stelle, 5 stelle lusso e 4 stelle',551_553,'Alberghi e strutture simili, alloggi per vacanze e altre strutture per brevi soggiorni, aree di campeggio e aree attrezzate per camper e roulotte',WORLD,Mondo,2014,2807177,,
A,Annuale,ITD35,Venezia,AR,Arrivi,N,Dati grezzi,4_5_5P_STARSHOTELS,'Alberghi di 5 stelle, 5 stelle lusso e 4 stelle',551_553,'Alberghi e strutture simili, alloggi per vacanze e altre strutture per brevi soggiorni, aree di campeggio e aree attrezzate per camper e roulotte',WORLD,Mondo,2015,2969126,,
A,Annuale,ITD35,Venezia,AR,Arrivi,N,Dati grezzi,4_5_5P_STARSHOTELS,'Alberghi di 5 stelle, 5 stelle lusso e 4 stelle',551_553,'Alberghi e strutture simili, alloggi per vacanze e altre strutture per brevi soggiorni, aree di campeggio e aree attrezzate per camper e roulotte',WORLD,Mondo,2016,3060113,,
A,Annuale,ITD35,Venezia,AR,Arrivi,N,Dati grezzi,4_5_5P_STARSHOTELS,'Alberghi di 5 stelle, 5 stelle lusso e 4 stelle',551_553,'Alberghi e strutture simili, alloggi per vacanze e altre strutture per brevi soggiorni, aree di campeggio e aree attrezzate per camper e roulotte',WORLD,Mondo,2017,3234560,,
A,Annuale,ITD35,Venezia,AR,Arrivi,N,Dati grezzi,4_5_5P_STARSHOTELS,'Alberghi di 5 stelle, 5 stelle lusso e 4 stelle',551_553,'Alberghi e strutture simili, alloggi per vacanze e altre strutture per brevi soggiorni, aree di campeggio e aree attrezzate per camper e roulotte',WORLD,Mondo,2018,3286668,,
A,Annuale,ITD35,Venezia,AR,Arrivi,N,Dati grezzi,4_5_5P_STARSHOTELS,'Alberghi di 5 stelle, 5 stelle lusso e 4 stelle',551_553,'Alberghi e strutture simili, alloggi per vacanze e altre strutture per brevi soggiorni, aree di campeggio e aree attrezzate per camper e roulotte',WORLD,Mondo,2019,3328299,,
A,Annuale,ITD35,Venezia,AR,Arrivi,N,Dati grezzi,4_5_5P_STARSHOTELS,'Alberghi di 5 stelle, 5 stelle lusso e 4 stelle',551_553,'Alberghi e strutture simili, alloggi per vacanze e altre strutture per brevi soggiorni, aree di campeggio e aree attrezzate per camper e roulotte',WORLD,Mondo,2020,915279,,
A,Annuale,ITD35,Venezia,AR,Arrivi,N,Dati grezzi,4_5_5P_STARSHOTELS,'Alberghi di 5 stelle, 5 stelle lusso e 4 stelle',551_553,'Alberghi e strutture simili, alloggi per vacanze e altre strutture per brevi soggiorni, aree di campeggio e aree attrezzate per camper e roulotte',WORLD,Mondo,2021,1382263,,
A,Annuale,ITD35,Venezia,AR,Arrivi,N,Dati grezzi,4_5_5P_STARSHOTELS,'Alberghi di 5 stelle, 5 stelle lusso e 4 stelle',551_553,'Alberghi e strutture simili, alloggi per vacanze e altre strutture per brevi soggiorni, aree di campeggio e aree attrezzate per camper e roulotte',WORLD,Mondo,2022,2514648,,
A,Annuale,ITD35,Venezia,AR,Arrivi,N,Dati grezzi,4_5_5P_STARSHOTELS,'Alberghi di 5 stelle, 5 stelle lusso e 4 stelle',551_553,'Alberghi e strutture simili, alloggi per vacanze e altre strutture per brevi soggiorni, aree di campeggio e aree attrezzate per camper e roulotte',WORLD,Mondo,2023,3023585,,
A,Annuale,ITD35,Venezia,AR,Arrivi,N,Dati grezzi,4_5_5P_STARSHOTELS,'Alberghi di 5 stelle, 5 stelle lusso e 4 stelle',551_553,'Alberghi e strutture simili, alloggi per vacanze e altre strutture per brevi soggiorni, aree di campeggio e aree attrezzate per camper e roulotte',WORLD,Mondo,2024,3048516,,
A,Annuale,ITD35,Venezia,AR,Arrivi,N,Dati grezzi,3_STARSHOTELS_RES,Alberghi di 3 stelle e residenze turistico alberghiere,551_553,'Alberghi e strutture simili, alloggi per vacanze e altre strutture per brevi soggiorni, aree di campeggio e aree attrezzate per camper e roulotte',WORLD,Mondo,2008,2205217,,
A,Annuale,ITD35,Venezia,AR,Arrivi,N,Dati grezzi,3_STARSHOTELS_RES,Alberghi di 3 stelle e residenze turistico alberghiere,551_553,'Alberghi e strutture simili, alloggi per vacanze e altre strutture per brevi soggiorni, aree di campeggio e aree attrezzate per camper e roulotte',WORLD,Mondo,2009,2071012,,
A,Annuale,ITD35,Venezia,AR,Arrivi,N,Dati grezzi,3_STARSHOTELS_RES,Alberghi di 3 stelle e residenze turistico alberghiere,551_553,'Alberghi e strutture simili, alloggi per vacanze e altre strutture per brevi soggiorni, aree di campeggio e aree attrezzate per camper e roulotte',WORLD,Mondo,2010,2101695,,
A,Annuale,ITD35,Venezia,AR,Arrivi,N,Dati grezzi,3_STARSHOTELS_RES,Alberghi di 3 stelle e residenze turistico alberghiere,551_553,'Alberghi e strutture simili, alloggi per vacanze e altre strutture per brevi soggiorni, aree di campeggio e aree attrezzate per camper e roulotte',WORLD,Mondo,2011,2271649,,
A,Annuale,ITD35,Venezia,AR,Arrivi,N,Dati grezzi,3_STARSHOTELS_RES,Alberghi di 3 stelle e residenze turistico alberghiere,551_553,'Alberghi e strutture simili, alloggi per vacanze e altre strutture per brevi soggiorni, aree di campeggio e aree attrezzate per camper e roulotte',WORLD,Mondo,2012,2285543,,
A,Annuale,ITD35,Venezia,AR,Arrivi,N,Dati grezzi,3_STARSHOTELS_RES,Alberghi di 3 stelle e residenze turistico alberghiere,551_553,'Alberghi e strutture simili, alloggi per vacanze e altre strutture per brevi soggiorni, aree di campeggio e aree attrezzate per camper e roulotte',WORLD,Mondo,2013,2245152,,
A,Annuale,ITD35,Venezia,AR,Arrivi,N,Dati grezzi,3_STARSHOTELS_RES,Alberghi di 3 stelle e residenze turistico alberghiere,551_553,'Alberghi e strutture simili, alloggi per vacanze e altre strutture per brevi soggiorni, aree di campeggio e aree attrezzate per camper e roulotte',WORLD,Mondo,2014,2208894,,
A,Annuale,ITD35,Venezia,AR,Arrivi,N,Dati grezzi,3_STARSHOTELS_RES,Alberghi di 3 stelle e residenze turistico alberghiere,551_553,'Alberghi e strutture simili, alloggi per vacanze e altre strutture per brevi soggiorni, aree di campeggio e aree attrezzate per camper e roulotte',WORLD,Mondo,2015,2283577,,
A,Annuale,ITD35,Venezia,AR,Arrivi,N,Dati grezzi,3_STARSHOTELS_RES,Alberghi di 3 stelle e residenze turistico alberghiere,551_553,'Alberghi e strutture simili, alloggi per vacanze e altre strutture per brevi soggiorni, aree di campeggio e aree attrezzate per camper e roulotte',WORLD,Mondo,2016,2291841,,
A,Annuale,ITD35,Venezia,AR,Arrivi,N,Dati grezzi,3_STARSHOTELS_RES,Alberghi di 3 stelle e residenze turistico alberghiere,551_553,'Alberghi e strutture simili, alloggi per vacanze e altre strutture per brevi soggiorni, aree di campeggio e aree attrezzate per camper e roulotte',WORLD,Mondo,2017,2378115,,
A,Annuale,ITD35,Venezia,AR,Arrivi,N,Dati grezzi,3_STARSHOTELS_RES,Alberghi di 3 stelle e residenze turistico alberghiere,551_553,'Alberghi e strutture simili, alloggi per vacanze e altre strutture per brevi soggiorni, aree di campeggio e aree attrezzate per camper e roulotte',WORLD,Mondo,2018,2413746,,
A,Annuale,ITD35,Venezia,AR,Arrivi,N,Dati grezzi,3_STARSHOTELS_RES,Alberghi di 3 stelle e residenze turistico alberghiere,551_553,'Alberghi e strutture simili, alloggi per vacanze e altre strutture per brevi soggiorni, aree di campeggio e aree attrezzate per camper e roulotte',WORLD,Mondo,2019,2343499,,
A,Annuale,ITD35,Venezia,AR,Arrivi,N,Dati grezzi,3_STARSHOTELS_RES,Alberghi di 3 stelle e residenze turistico alberghiere,551_553,'Alberghi e strutture simili, alloggi per vacanze e altre strutture per brevi soggiorni, aree di campeggio e aree attrezzate per camper e roulotte',WORLD,Mondo,2020,941319,,
A,Annuale,ITD35,Venezia,AR,Arrivi,N,Dati grezzi,3_STARSHOTELS_RES,Alberghi di 3 stelle e residenze turistico alberghiere,551_553,'Alberghi e strutture simili, alloggi per vacanze e altre strutture per brevi soggiorni, aree di campeggio e aree attrezzate per camper e roulotte',WORLD,Mondo,2021,1311220,,
A,Annuale,ITD35,Venezia,AR,Arrivi,N,Dati grezzi,3_STARSHOTELS_RES,Alberghi di 3 stelle e residenze turistico alberghiere,551_553,'Alberghi e strutture simili, alloggi per vacanze e altre strutture per brevi soggiorni, aree di campeggio e aree attrezzate per camper e roulotte',WORLD,Mondo,2022,2057900,,
A,Annuale,ITD35,Venezia,AR,Arrivi,N,Dati grezzi,3_STARSHOTELS_RES,Alberghi di 3 stelle e residenze turistico alberghiere,551_553,'Alberghi e strutture simili, alloggi per vacanze e altre strutture per brevi soggiorni, aree di campeggio e aree attrezzate per camper e roulotte',WORLD,Mondo,2023,2349731,,
A,Annuale,ITD35,Venezia,AR,Arrivi,N,Dati grezzi,3_STARSHOTELS_RES,Alberghi di 3 stelle e residenze turistico alberghiere,551_553,'Alberghi e strutture simili, alloggi per vacanze e altre strutture per brevi soggiorni, aree di campeggio e aree attrezzate per camper e roulotte',WORLD,Mondo,2024,2356136,,
A,Annuale,ITD35,Venezia,AR,Arrivi,N,Dati grezzi,1_2_STARSHOTELS,Alberghi di 2 stelle e alberghi di 1 stella,551_553,'Alberghi e strutture simili, alloggi per vacanze e altre strutture per brevi soggiorni, aree di campeggio e aree attrezzate per camper e roulotte',WORLD,Mondo,2008,552470,,
A,Annuale,ITD35,Venezia,AR,Arrivi,N,Dati grezzi,1_2_STARSHOTELS,Alberghi di 2 stelle e alberghi di 1 stella,551_553,'Alberghi e strutture simili, alloggi per vacanze e altre strutture per brevi soggiorni, aree di campeggio e aree attrezzate per camper e roulotte',WORLD,Mondo,2009,556727,,
A,Annuale,ITD35,Venezia,AR,Arrivi,N,Dati grezzi,1_2_STARSHOTELS,Alberghi di 2 stelle e alberghi di 1 stella,551_553,'Alberghi e strutture simili, alloggi per vacanze e altre strutture per brevi soggiorni, aree di campeggio e aree attrezzate per camper e roulotte',WORLD,Mondo,2010,549019,,
A,Annuale,ITD35,Venezia,AR,Arrivi,N,Dati grezzi,1_2_STARSHOTELS,Alberghi di 2 stelle e alberghi di 1 stella,551_553,'Alberghi e strutture simili, alloggi per vacanze e altre strutture per brevi soggiorni, aree di campeggio e aree attrezzate per camper e roulotte',WORLD,Mondo,2011,548144,,
A,Annuale,ITD35,Venezia,AR,Arrivi,N,Dati grezzi,1_2_STARSHOTELS,Alberghi di 2 stelle e alberghi di 1 stella,551_553,'Alberghi e strutture simili, alloggi per vacanze e altre strutture per brevi soggiorni, aree di campeggio e aree attrezzate per camper e roulotte',WORLD,Mondo,2012,527156,,
A,Annuale,ITD35,Venezia,AR,Arrivi,N,Dati grezzi,1_2_STARSHOTELS,Alberghi di 2 stelle e alberghi di 1 stella,551_553,'Alberghi e strutture simili, alloggi per vacanze e altre strutture per brevi soggiorni, aree di campeggio e aree attrezzate per camper e roulotte',WORLD,Mondo,2013,498975,,
A,Annuale,ITD35,Venezia,AR,Arrivi,N,Dati grezzi,1_2_STARSHOTELS,Alberghi di 2 stelle e alberghi di 1 stella,551_553,'Alberghi e strutture simili, alloggi per vacanze e altre strutture per brevi soggiorni, aree di campeggio e aree attrezzate per camper e roulotte',WORLD,Mondo,2014,453326,,
A,Annuale,ITD35,Venezia,AR,Arrivi,N,Dati grezzi,1_2_STARSHOTELS,Alberghi di 2 stelle e alberghi di 1 stella,551_553,'Alberghi e strutture simili, alloggi per vacanze e altre strutture per brevi soggiorni, aree di campeggio e aree attrezzate per camper e roulotte',WORLD,Mondo,2015,447512,,
A,Annuale,ITD35,Venezia,AR,Arrivi,N,Dati grezzi,1_2_STARSHOTELS,Alberghi di 2 stelle e alberghi di 1 stella,551_553,'Alberghi e strutture simili, alloggi per vacanze e altre strutture per brevi soggiorni, aree di campeggio e aree attrezzate per camper e roulotte',WORLD,Mondo,2016,436721,,
A,Annuale,ITD35,Venezia,AR,Arrivi,N,Dati grezzi,1_2_STARSHOTELS,Alberghi di 2 stelle e alberghi di 1 stella,551_553,'Alberghi e strutture simili, alloggi per vacanze e altre strutture per brevi soggiorni, aree di campeggio e aree attrezzate per camper e roulotte',WORLD,Mondo,2017,437828,,
A,Annuale,ITD35,Venezia,AR,Arrivi,N,Dati grezzi,1_2_STARSHOTELS,Alberghi di 2 stelle e alberghi di 1 stella,551_553,'Alberghi e strutture simili, alloggi per vacanze e altre strutture per brevi soggiorni, aree di campeggio e aree attrezzate per camper e roulotte',WORLD,Mondo,2018,425100,,
A,Annuale,ITD35,Venezia,AR,Arrivi,N,Dati grezzi,1_2_STARSHOTELS,Alberghi di 2 stelle e alberghi di 1 stella,551_553,'Alberghi e strutture simili, alloggi per vacanze e altre strutture per brevi soggiorni, aree di campeggio e aree attrezzate per camper e roulotte',WORLD,Mondo,2019,412248,,
A,Annuale,ITD35,Venezia,AR,Arrivi,N,Dati grezzi,1_2_STARSHOTELS,Alberghi di 2 stelle e alberghi di 1 stella,551_553,'Alberghi e strutture simili, alloggi per vacanze e altre strutture per brevi soggiorni, aree di campeggio e aree attrezzate per camper e roulotte',WORLD,Mondo,2020,154574,,
A,Annuale,ITD35,Venezia,AR,Arrivi,N,Dati grezzi,1_2_STARSHOTELS,Alberghi di 2 stelle e alberghi di 1 stella,551_553,'Alberghi e strutture simili, alloggi per vacanze e altre strutture per brevi soggiorni, aree di campeggio e aree attrezzate per camper e roulotte',WORLD,Mondo,2021,227455,,
A,Annuale,ITD35,Venezia,AR,Arrivi,N,Dati grezzi,1_2_STARSHOTELS,Alberghi di 2 stelle e alberghi di 1 stella,551_553,'Alberghi e strutture simili, alloggi per vacanze e altre strutture per brevi soggiorni, aree di campeggio e aree attrezzate per camper e roulotte',WORLD,Mondo,2022,370764,,
A,Annuale,ITD35,Venezia,AR,Arrivi,N,Dati grezzi,1_2_STARSHOTELS,Alberghi di 2 stelle e alberghi di 1 stella,551_553,'Alberghi e strutture simili, alloggi per vacanze e altre strutture per brevi soggiorni, aree di campeggio e aree attrezzate per camper e roulotte',WORLD,Mondo,2023,401769,,
A,Annuale,ITD35,Venezia,AR,Arrivi,N,Dati grezzi,1_2_STARSHOTELS,Alberghi di 2 stelle e alberghi di 1 stella,551_553,'Alberghi e strutture simili, alloggi per vacanze e altre strutture per brevi soggiorni, aree di campeggio e aree attrezzate per camper e roulotte',WORLD,Mondo,2024,393923,,
A,Annuale,ITD35,Venezia,AR,Arrivi,N,Dati grezzi,OTHER,Esercizi extra-alberghieri,551_553,'Alberghi e strutture simili, alloggi per vacanze e altre strutture per brevi soggiorni, aree di campeggio e aree attrezzate per camper e roulotte',WORLD,Mondo,2008,2557305,,
A,Annuale,ITD35,Venezia,AR,Arrivi,N,Dati grezzi,OTHER,Esercizi extra-alberghieri,551_553,'Alberghi e strutture simili, alloggi per vacanze e altre strutture per brevi soggiorni, aree di campeggio e aree attrezzate per camper e roulotte',WORLD,Mondo,2009,2627629,,
A,Annuale,ITD35,Venezia,AR,Arrivi,N,Dati grezzi,OTHER,Esercizi extra-alberghieri,551_553,'Alberghi e strutture simili, alloggi per vacanze e altre strutture per brevi soggiorni, aree di campeggio e aree attrezzate per camper e roulotte',WORLD,Mondo,2010,2612738,,
A,Annuale,ITD35,Venezia,AR,Arrivi,N,Dati grezzi,OTHER,Esercizi extra-alberghieri,551_553,'Alberghi e strutture simili, alloggi per vacanze e altre strutture per brevi soggiorni, aree di campeggio e aree attrezzate per camper e roulotte',WORLD,Mondo,2011,2801392,,
A,Annuale,ITD35,Venezia,AR,Arrivi,N,Dati grezzi,OTHER,Esercizi extra-alberghieri,551_553,'Alberghi e strutture simili, alloggi per vacanze e altre strutture per brevi soggiorni, aree di campeggio e aree attrezzate per camper e roulotte',WORLD,Mondo,2012,2779193,,
A,Annuale,ITD35,Venezia,AR,Arrivi,N,Dati grezzi,OTHER,Esercizi extra-alberghieri,551_553,'Alberghi e strutture simili, alloggi per vacanze e altre strutture per brevi soggiorni, aree di campeggio e aree attrezzate per camper e roulotte',WORLD,Mondo,2013,2746956,,
A,Annuale,ITD35,Venezia,AR,Arrivi,N,Dati grezzi,OTHER,Esercizi extra-alberghieri,551_553,'Alberghi e strutture simili, alloggi per vacanze e altre strutture per brevi soggiorni, aree di campeggio e aree attrezzate per camper e roulotte',WORLD,Mondo,2014,2853662,,
A,Annuale,ITD35,Venezia,AR,Arrivi,N,Dati grezzi,OTHER,Esercizi extra-alberghieri,551_553,'Alberghi e strutture simili, alloggi per vacanze e altre strutture per brevi soggiorni, aree di campeggio e aree attrezzate per camper e roulotte',WORLD,Mondo,2015,2951980,,
A,Annuale,ITD35,Venezia,AR,Arrivi,N,Dati grezzi,OTHER,Esercizi extra-alberghieri,551_553,'Alberghi e strutture simili, alloggi per vacanze e altre strutture per brevi soggiorni, aree di campeggio e aree attrezzate per camper e roulotte',WORLD,Mondo,2016,3010002,,
A,Annuale,ITD35,Venezia,AR,Arrivi,N,Dati grezzi,OTHER,Esercizi extra-alberghieri,551_553,'Alberghi e strutture simili, alloggi per vacanze e altre strutture per brevi soggiorni, aree di campeggio e aree attrezzate per camper e roulotte',WORLD,Mondo,2017,3450431,,
A,Annuale,ITD35,Venezia,AR,Arrivi,N,Dati grezzi,OTHER,Esercizi extra-alberghieri,551_553,'Alberghi e strutture simili, alloggi per vacanze e altre strutture per brevi soggiorni, aree di campeggio e aree attrezzate per camper e roulotte',WORLD,Mondo,2018,3551636,,
A,Annuale,ITD35,Venezia,AR,Arrivi,N,Dati grezzi,OTHER,Esercizi extra-alberghieri,551_553,'Alberghi e strutture simili, alloggi per vacanze e altre strutture per brevi soggiorni, aree di campeggio e aree attrezzate per camper e roulotte',WORLD,Mondo,2019,3895734,,
A,Annuale,ITD35,Venezia,AR,Arrivi,N,Dati grezzi,OTHER,Esercizi extra-alberghieri,551_553,'Alberghi e strutture simili, alloggi per vacanze e altre strutture per brevi soggiorni, aree di campeggio e aree attrezzate per camper e roulotte',WORLD,Mondo,2020,1688092,,
A,Annuale,ITD35,Venezia,AR,Arrivi,N,Dati grezzi,OTHER,Esercizi extra-alberghieri,551_553,'Alberghi e strutture simili, alloggi per vacanze e altre strutture per brevi soggiorni, aree di campeggio e aree attrezzate per camper e roulotte',WORLD,Mondo,2021,2637811,,
A,Annuale,ITD35,Venezia,AR,Arrivi,N,Dati grezzi,OTHER,Esercizi extra-alberghieri,551_553,'Alberghi e strutture simili, alloggi per vacanze e altre strutture per brevi soggiorni, aree di campeggio e aree attrezzate per camper e roulotte',WORLD,Mondo,2022,3988461,,
A,Annuale,ITD35,Venezia,AR,Arrivi,N,Dati grezzi,OTHER,Esercizi extra-alberghieri,551_553,'Alberghi e strutture simili, alloggi per vacanze e altre strutture per brevi soggiorni, aree di campeggio e aree attrezzate per camper e roulotte',WORLD,Mondo,2023,4631984,,
A,Annuale,ITD35,Venezia,AR,Arrivi,N,Dati grezzi,OTHER,Esercizi extra-alberghieri,551_553,'Alberghi e strutture simili, alloggi per vacanze e altre strutture per brevi soggiorni, aree di campeggio e aree attrezzate per camper e roulotte',WORLD,Mondo,2024,4866248,,
A,Annuale,ITD35,Venezia,AR,Arrivi,N,Dati grezzi,CAMP_VILL,Campeggi e villaggi turistici,551_553,'Alberghi e strutture simili, alloggi per vacanze e altre strutture per brevi soggiorni, aree di campeggio e aree attrezzate per camper e roulotte',WORLD,Mondo,2008,1285725,,
A,Annuale,ITD35,Venezia,AR,Arrivi,N,Dati grezzi,CAMP_VILL,Campeggi e villaggi turistici,551_553,'Alberghi e strutture simili, alloggi per vacanze e altre strutture per brevi soggiorni, aree di campeggio e aree attrezzate per camper e roulotte',WORLD,Mondo,2009,1345853,,
A,Annuale,ITD35,Venezia,AR,Arrivi,N,Dati grezzi,CAMP_VILL,Campeggi e villaggi turistici,551_553,'Alberghi e strutture simili, alloggi per vacanze e altre strutture per brevi soggiorni, aree di campeggio e aree attrezzate per camper e roulotte',WORLD,Mondo,2010,1310412,,
A,Annuale,ITD35,Venezia,AR,Arrivi,N,Dati grezzi,CAMP_VILL,Campeggi e villaggi turistici,551_553,'Alberghi e strutture simili, alloggi per vacanze e altre strutture per brevi soggiorni, aree di campeggio e aree attrezzate per camper e roulotte',WORLD,Mondo,2011,1379928,,
A,Annuale,ITD35,Venezia,AR,Arrivi,N,Dati grezzi,CAMP_VILL,Campeggi e villaggi turistici,551_553,'Alberghi e strutture simili, alloggi per vacanze e altre strutture per brevi soggiorni, aree di campeggio e aree attrezzate per camper e roulotte',WORLD,Mondo,2012,1353341,,
A,Annuale,ITD35,Venezia,AR,Arrivi,N,Dati grezzi,CAMP_VILL,Campeggi e villaggi turistici,551_553,'Alberghi e strutture simili, alloggi per vacanze e altre strutture per brevi soggiorni, aree di campeggio e aree attrezzate per camper e roulotte',WORLD,Mondo,2013,1345026,,
A,Annuale,ITD35,Venezia,AR,Arrivi,N,Dati grezzi,CAMP_VILL,Campeggi e villaggi turistici,551_553,'Alberghi e strutture simili, alloggi per vacanze e altre strutture per brevi soggiorni, aree di campeggio e aree attrezzate per camper e roulotte',WORLD,Mondo,2014,1390906,,
A,Annuale,ITD35,Venezia,AR,Arrivi,N,Dati grezzi,CAMP_VILL,Campeggi e villaggi turistici,551_553,'Alberghi e strutture simili, alloggi per vacanze e altre strutture per brevi soggiorni, aree di campeggio e aree attrezzate per camper e roulotte',WORLD,Mondo,2015,1441108,,
A,Annuale,ITD35,Venezia,AR,Arrivi,N,Dati grezzi,CAMP_VILL,Campeggi e villaggi turistici,551_553,'Alberghi e strutture simili, alloggi per vacanze e altre strutture per brevi soggiorni, aree di campeggio e aree attrezzate per camper e roulotte',WORLD,Mondo,2016,1427353,,
A,Annuale,ITD35,Venezia,AR,Arrivi,N,Dati grezzi,CAMP_VILL,Campeggi e villaggi turistici,551_553,'Alberghi e strutture simili, alloggi per vacanze e altre strutture per brevi soggiorni, aree di campeggio e aree attrezzate per camper e roulotte',WORLD,Mondo,2017,1519819,,
A,Annuale,ITD35,Venezia,AR,Arrivi,N,Dati grezzi,CAMP_VILL,Campeggi e villaggi turistici,551_553,'Alberghi e strutture simili, alloggi per vacanze e altre strutture per brevi soggiorni, aree di campeggio e aree attrezzate per camper e roulotte',WORLD,Mondo,2018,1499833,,
A,Annuale,ITD35,Venezia,AR,Arrivi,N,Dati grezzi,CAMP_VILL,Campeggi e villaggi turistici,551_553,'Alberghi e strutture simili, alloggi per vacanze e altre strutture per brevi soggiorni, aree di campeggio e aree attrezzate per camper e roulotte',WORLD,Mondo,2019,1491933,,
A,Annuale,ITD35,Venezia,AR,Arrivi,N,Dati grezzi,CAMP_VILL,Campeggi e villaggi turistici,551_553,'Alberghi e strutture simili, alloggi per vacanze e altre strutture per brevi soggiorni, aree di campeggio e aree attrezzate per camper e roulotte',WORLD,Mondo,2020,824433,,
A,Annuale,ITD35,Venezia,AR,Arrivi,N,Dati grezzi,CAMP_VILL,Campeggi e villaggi turistici,551_553,'Alberghi e strutture simili, alloggi per vacanze e altre strutture per brevi soggiorni, aree di campeggio e aree attrezzate per camper e roulotte',WORLD,Mondo,2021,1273549,,
A,Annuale,ITD35,Venezia,AR,Arrivi,N,Dati grezzi,CAMP_VILL,Campeggi e villaggi turistici,551_553,'Alberghi e strutture simili, alloggi per vacanze e altre strutture per brevi soggiorni, aree di campeggio e aree attrezzate per camper e roulotte',WORLD,Mondo,2022,1583145,,
A,Annuale,ITD35,Venezia,AR,Arrivi,N,Dati grezzi,CAMP_VILL,Campeggi e villaggi turistici,551_553,'Alberghi e strutture simili, alloggi per vacanze e altre strutture per brevi soggiorni, aree di campeggio e aree attrezzate per camper e roulotte',WORLD,Mondo,2023,1682024,,
A,Annuale,ITD35,Venezia,AR,Arrivi,N,Dati grezzi,CAMP_VILL,Campeggi e villaggi turistici,551_553,'Alberghi e strutture simili, alloggi per vacanze e altre strutture per brevi soggiorni, aree di campeggio e aree attrezzate per camper e roulotte',WORLD,Mondo,2024,1665636,,
A,Annuale,ITD35,Venezia,AR,Arrivi,N,Dati grezzi,DWELLINGS,Alloggi in affitto gestiti in forma imprenditoriale,551_553,'Alberghi e strutture simili, alloggi per vacanze e altre strutture per brevi soggiorni, aree di campeggio e aree attrezzate per camper e roulotte',WORLD,Mondo,2008,1048518,,
A,Annuale,ITD35,Venezia,AR,Arrivi,N,Dati grezzi,DWELLINGS,Alloggi in affitto gestiti in forma imprenditoriale,551_553,'Alberghi e strutture simili, alloggi per vacanze e altre strutture per brevi soggiorni, aree di campeggio e aree attrezzate per camper e roulotte',WORLD,Mondo,2009,1077488,,
A,Annuale,ITD35,Venezia,AR,Arrivi,N,Dati grezzi,DWELLINGS,Alloggi in affitto gestiti in forma imprenditoriale,551_553,'Alberghi e strutture simili, alloggi per vacanze e altre strutture per brevi soggiorni, aree di campeggio e aree attrezzate per camper e roulotte',WORLD,Mondo,2010,1093844,,
A,Annuale,ITD35,Venezia,AR,Arrivi,N,Dati grezzi,DWELLINGS,Alloggi in affitto gestiti in forma imprenditoriale,551_553,'Alberghi e strutture simili, alloggi per vacanze e altre strutture per brevi soggiorni, aree di campeggio e aree attrezzate per camper e roulotte',WORLD,Mondo,2011,1175625,,
A,Annuale,ITD35,Venezia,AR,Arrivi,N,Dati grezzi,DWELLINGS,Alloggi in affitto gestiti in forma imprenditoriale,551_553,'Alberghi e strutture simili, alloggi per vacanze e altre strutture per brevi soggiorni, aree di campeggio e aree attrezzate per camper e roulotte',WORLD,Mondo,2012,1156710,,
A,Annuale,ITD35,Venezia,AR,Arrivi,N,Dati grezzi,DWELLINGS,Alloggi in affitto gestiti in forma imprenditoriale,551_553,'Alberghi e strutture simili, alloggi per vacanze e altre strutture per brevi soggiorni, aree di campeggio e aree attrezzate per camper e roulotte',WORLD,Mondo,2013,1140216,,
A,Annuale,ITD35,Venezia,AR,Arrivi,N,Dati grezzi,DWELLINGS,Alloggi in affitto gestiti in forma imprenditoriale,551_553,'Alberghi e strutture simili, alloggi per vacanze e altre strutture per brevi soggiorni, aree di campeggio e aree attrezzate per camper e roulotte',WORLD,Mondo,2014,1137826,,
A,Annuale,ITD35,Venezia,AR,Arrivi,N,Dati grezzi,DWELLINGS,Alloggi in affitto gestiti in forma imprenditoriale,551_553,'Alberghi e strutture simili, alloggi per vacanze e altre strutture per brevi soggiorni, aree di campeggio e aree attrezzate per camper e roulotte',WORLD,Mondo,2015,1152819,,
A,Annuale,ITD35,Venezia,AR,Arrivi,N,Dati grezzi,DWELLINGS,Alloggi in affitto gestiti in forma imprenditoriale,551_553,'Alberghi e strutture simili, alloggi per vacanze e altre strutture per brevi soggiorni, aree di campeggio e aree attrezzate per camper e roulotte',WORLD,Mondo,2016,1204926,,
A,Annuale,ITD35,Venezia,AR,Arrivi,N,Dati grezzi,DWELLINGS,Alloggi in affitto gestiti in forma imprenditoriale,551_553,'Alberghi e strutture simili, alloggi per vacanze e altre strutture per brevi soggiorni, aree di campeggio e aree attrezzate per camper e roulotte',WORLD,Mondo,2017,1489815,,
A,Annuale,ITD35,Venezia,AR,Arrivi,N,Dati grezzi,DWELLINGS,Alloggi in affitto gestiti in forma imprenditoriale,551_553,'Alberghi e strutture simili, alloggi per vacanze e altre strutture per brevi soggiorni, aree di campeggio e aree attrezzate per camper e roulotte',WORLD,Mondo,2018,1558791,,
A,Annuale,ITD35,Venezia,AR,Arrivi,N,Dati grezzi,DWELLINGS,Alloggi in affitto gestiti in forma imprenditoriale,551_553,'Alberghi e strutture simili, alloggi per vacanze e altre strutture per brevi soggiorni, aree di campeggio e aree attrezzate per camper e roulotte',WORLD,Mondo,2019,1835725,,
A,Annuale,ITD35,Venezia,AR,Arrivi,N,Dati grezzi,DWELLINGS,Alloggi in affitto gestiti in forma imprenditoriale,551_553,'Alberghi e strutture simili, alloggi per vacanze e altre strutture per brevi soggiorni, aree di campeggio e aree attrezzate per camper e roulotte',WORLD,Mondo,2020,687841,,
A,Annuale,ITD35,Venezia,AR,Arrivi,N,Dati grezzi,DWELLINGS,Alloggi in affitto gestiti in forma imprenditoriale,551_553,'Alberghi e strutture simili, alloggi per vacanze e altre strutture per brevi soggiorni, aree di campeggio e aree attrezzate per camper e roulotte',WORLD,Mondo,2021,1091655,,
A,Annuale,ITD35,Venezia,AR,Arrivi,N,Dati grezzi,DWELLINGS,Alloggi in affitto gestiti in forma imprenditoriale,551_553,'Alberghi e strutture simili, alloggi per vacanze e altre strutture per brevi soggiorni, aree di campeggio e aree attrezzate per camper e roulotte',WORLD,Mondo,2022,1876852,,
A,Annuale,ITD35,Venezia,AR,Arrivi,N,Dati grezzi,DWELLINGS,Alloggi in affitto gestiti in forma imprenditoriale,551_553,'Alberghi e strutture simili, alloggi per vacanze e altre strutture per brevi soggiorni, aree di campeggio e aree attrezzate per camper e roulotte',WORLD,Mondo,2023,2315138,,
A,Annuale,ITD35,Venezia,AR,Arrivi,N,Dati grezzi,DWELLINGS,Alloggi in affitto gestiti in forma imprenditoriale,551_553,'Alberghi e strutture simili, alloggi per vacanze e altre strutture per brevi soggiorni, aree di campeggio e aree attrezzate per camper e roulotte',WORLD,Mondo,2024,2535288,,
A,Annuale,ITD35,Venezia,AR,Arrivi,N,Dati grezzi,FARMHOUSES,Agriturismi,551_553,'Alberghi e strutture simili, alloggi per vacanze e altre strutture per brevi soggiorni, aree di campeggio e aree attrezzate per camper e roulotte',WORLD,Mondo,2008,8031,,
A,Annuale,ITD35,Venezia,AR,Arrivi,N,Dati grezzi,FARMHOUSES,Agriturismi,551_553,'Alberghi e strutture simili, alloggi per vacanze e altre strutture per brevi soggiorni, aree di campeggio e aree attrezzate per camper e roulotte',WORLD,Mondo,2009,8068,,
A,Annuale,ITD35,Venezia,AR,Arrivi,N,Dati grezzi,FARMHOUSES,Agriturismi,551_553,'Alberghi e strutture simili, alloggi per vacanze e altre strutture per brevi soggiorni, aree di campeggio e aree attrezzate per camper e roulotte',WORLD,Mondo,2010,9979,,
A,Annuale,ITD35,Venezia,AR,Arrivi,N,Dati grezzi,FARMHOUSES,Agriturismi,551_553,'Alberghi e strutture simili, alloggi per vacanze e altre strutture per brevi soggiorni, aree di campeggio e aree attrezzate per camper e roulotte',WORLD,Mondo,2011,11603,,
A,Annuale,ITD35,Venezia,AR,Arrivi,N,Dati grezzi,FARMHOUSES,Agriturismi,551_553,'Alberghi e strutture simili, alloggi per vacanze e altre strutture per brevi soggiorni, aree di campeggio e aree attrezzate per camper e roulotte',WORLD,Mondo,2012,18794,,
A,Annuale,ITD35,Venezia,AR,Arrivi,N,Dati grezzi,FARMHOUSES,Agriturismi,551_553,'Alberghi e strutture simili, alloggi per vacanze e altre strutture per brevi soggiorni, aree di campeggio e aree attrezzate per camper e roulotte',WORLD,Mondo,2013,24373,,
A,Annuale,ITD35,Venezia,AR,Arrivi,N,Dati grezzi,FARMHOUSES,Agriturismi,551_553,'Alberghi e strutture simili, alloggi per vacanze e altre strutture per brevi soggiorni, aree di campeggio e aree attrezzate per camper e roulotte',WORLD,Mondo,2014,26655,,
A,Annuale,ITD35,Venezia,AR,Arrivi,N,Dati grezzi,FARMHOUSES,Agriturismi,551_553,'Alberghi e strutture simili, alloggi per vacanze e altre strutture per brevi soggiorni, aree di campeggio e aree attrezzate per camper e roulotte',WORLD,Mondo,2015,29885,,
A,Annuale,ITD35,Venezia,AR,Arrivi,N,Dati grezzi,FARMHOUSES,Agriturismi,551_553,'Alberghi e strutture simili, alloggi per vacanze e altre strutture per brevi soggiorni, aree di campeggio e aree attrezzate per camper e roulotte',WORLD,Mondo,2016,35485,,
A,Annuale,ITD35,Venezia,AR,Arrivi,N,Dati grezzi,FARMHOUSES,Agriturismi,551_553,'Alberghi e strutture simili, alloggi per vacanze e altre strutture per brevi soggiorni, aree di campeggio e aree attrezzate per camper e roulotte',WORLD,Mondo,2017,36179,,
A,Annuale,ITD35,Venezia,AR,Arrivi,N,Dati grezzi,FARMHOUSES,Agriturismi,551_553,'Alberghi e strutture simili, alloggi per vacanze e altre strutture per brevi soggiorni, aree di campeggio e aree attrezzate per camper e roulotte',WORLD,Mondo,2018,44188,,
A,Annuale,ITD35,Venezia,AR,Arrivi,N,Dati grezzi,FARMHOUSES,Agriturismi,551_553,'Alberghi e strutture simili, alloggi per vacanze e altre strutture per brevi soggiorni, aree di campeggio e aree attrezzate per camper e roulotte',WORLD,Mondo,2019,43205,,
A,Annuale,ITD35,Venezia,AR,Arrivi,N,Dati grezzi,FARMHOUSES,Agriturismi,551_553,'Alberghi e strutture simili, alloggi per vacanze e altre strutture per brevi soggiorni, aree di campeggio e aree attrezzate per camper e roulotte',WORLD,Mondo,2020,22130,,
A,Annuale,ITD35,Venezia,AR,Arrivi,N,Dati grezzi,FARMHOUSES,Agriturismi,551_553,'Alberghi e strutture simili, alloggi per vacanze e altre strutture per brevi soggiorni, aree di campeggio e aree attrezzate per camper e roulotte',WORLD,Mondo,2021,32768,,
A,Annuale,ITD35,Venezia,AR,Arrivi,N,Dati grezzi,FARMHOUSES,Agriturismi,551_553,'Alberghi e strutture simili, alloggi per vacanze e altre strutture per brevi soggiorni, aree di campeggio e aree attrezzate per camper e roulotte',WORLD,Mondo,2022,47315,,
A,Annuale,ITD35,Venezia,AR,Arrivi,N,Dati grezzi,FARMHOUSES,Agriturismi,551_553,'Alberghi e strutture simili, alloggi per vacanze e altre strutture per brevi soggiorni, aree di campeggio e aree attrezzate per camper e roulotte',WORLD,Mondo,2023,63618,,
A,Annuale,ITD35,Venezia,AR,Arrivi,N,Dati grezzi,FARMHOUSES,Agriturismi,551_553,'Alberghi e strutture simili, alloggi per vacanze e altre strutture per brevi soggiorni, aree di campeggio e aree attrezzate per camper e roulotte',WORLD,Mondo,2024,66503,,
A,Annuale,ITD35,Venezia,AR,Arrivi,N,Dati grezzi,BNB,Bed and breakfast,551_553,'Alberghi e strutture simili, alloggi per vacanze e altre strutture per brevi soggiorni, aree di campeggio e aree attrezzate per camper e roulotte',WORLD,Mondo,2011,67239,,
A,Annuale,ITD35,Venezia,AR,Arrivi,N,Dati grezzi,BNB,Bed and breakfast,551_553,'Alberghi e strutture simili, alloggi per vacanze e altre strutture per brevi soggiorni, aree di campeggio e aree attrezzate per camper e roulotte',WORLD,Mondo,2012,80720,,
A,Annuale,ITD35,Venezia,AR,Arrivi,N,Dati grezzi,BNB,Bed and breakfast,551_553,'Alberghi e strutture simili, alloggi per vacanze e altre strutture per brevi soggiorni, aree di campeggio e aree attrezzate per camper e roulotte',WORLD,Mondo,2013,86030,,
A,Annuale,ITD35,Venezia,AR,Arrivi,N,Dati grezzi,BNB,Bed and breakfast,551_553,'Alberghi e strutture simili, alloggi per vacanze e altre strutture per brevi soggiorni, aree di campeggio e aree attrezzate per camper e roulotte',WORLD,Mondo,2014,91157,,
A,Annuale,ITD35,Venezia,AR,Arrivi,N,Dati grezzi,BNB,Bed and breakfast,551_553,'Alberghi e strutture simili, alloggi per vacanze e altre strutture per brevi soggiorni, aree di campeggio e aree attrezzate per camper e roulotte',WORLD,Mondo,2015,111064,,
A,Annuale,ITD35,Venezia,AR,Arrivi,N,Dati grezzi,BNB,Bed and breakfast,551_553,'Alberghi e strutture simili, alloggi per vacanze e altre strutture per brevi soggiorni, aree di campeggio e aree attrezzate per camper e roulotte',WORLD,Mondo,2016,119175,,
A,Annuale,ITD35,Venezia,AR,Arrivi,N,Dati grezzi,BNB,Bed and breakfast,551_553,'Alberghi e strutture simili, alloggi per vacanze e altre strutture per brevi soggiorni, aree di campeggio e aree attrezzate per camper e roulotte',WORLD,Mondo,2017,129166,,
A,Annuale,ITD35,Venezia,AR,Arrivi,N,Dati grezzi,BNB,Bed and breakfast,551_553,'Alberghi e strutture simili, alloggi per vacanze e altre strutture per brevi soggiorni, aree di campeggio e aree attrezzate per camper e roulotte',WORLD,Mondo,2018,118202,,
A,Annuale,ITD35,Venezia,AR,Arrivi,N,Dati grezzi,BNB,Bed and breakfast,551_553,'Alberghi e strutture simili, alloggi per vacanze e altre strutture per brevi soggiorni, aree di campeggio e aree attrezzate per camper e roulotte',WORLD,Mondo,2019,106094,,
A,Annuale,ITD35,Venezia,AR,Arrivi,N,Dati grezzi,BNB,Bed and breakfast,551_553,'Alberghi e strutture simili, alloggi per vacanze e altre strutture per brevi soggiorni, aree di campeggio e aree attrezzate per camper e roulotte',WORLD,Mondo,2020,29709,,
A,Annuale,ITD35,Venezia,AR,Arrivi,N,Dati grezzi,BNB,Bed and breakfast,551_553,'Alberghi e strutture simili, alloggi per vacanze e altre strutture per brevi soggiorni, aree di campeggio e aree attrezzate per camper e roulotte',WORLD,Mondo,2021,44179,,
A,Annuale,ITD35,Venezia,AR,Arrivi,N,Dati grezzi,BNB,Bed and breakfast,551_553,'Alberghi e strutture simili, alloggi per vacanze e altre strutture per brevi soggiorni, aree di campeggio e aree attrezzate per camper e roulotte',WORLD,Mondo,2022,82615,,
A,Annuale,ITD35,Venezia,AR,Arrivi,N,Dati grezzi,BNB,Bed and breakfast,551_553,'Alberghi e strutture simili, alloggi per vacanze e altre strutture per brevi soggiorni, aree di campeggio e aree attrezzate per camper e roulotte',WORLD,Mondo,2023,92208,,
A,Annuale,ITD35,Venezia,AR,Arrivi,N,Dati grezzi,BNB,Bed and breakfast,551_553,'Alberghi e strutture simili, alloggi per vacanze e altre strutture per brevi soggiorni, aree di campeggio e aree attrezzate per camper e roulotte',WORLD,Mondo,2024,87029,,
A,Annuale,ITD35,Venezia,AR,Arrivi,N,Dati grezzi,OTHERACC,Altri esercizi ricettivi,551_553,'Alberghi e strutture simili, alloggi per vacanze e altre strutture per brevi soggiorni, aree di campeggio e aree attrezzate per camper e roulotte',WORLD,Mondo,2008,215031,,
A,Annuale,ITD35,Venezia,AR,Arrivi,N,Dati grezzi,OTHERACC,Altri esercizi ricettivi,551_553,'Alberghi e strutture simili, alloggi per vacanze e altre strutture per brevi soggiorni, aree di campeggio e aree attrezzate per camper e roulotte',WORLD,Mondo,2009,196220,,
A,Annuale,ITD35,Venezia,AR,Arrivi,N,Dati grezzi,OTHERACC,Altri esercizi ricettivi,551_553,'Alberghi e strutture simili, alloggi per vacanze e altre strutture per brevi soggiorni, aree di campeggio e aree attrezzate per camper e roulotte',WORLD,Mondo,2010,198503,,
A,Annuale,ITD35,Venezia,AR,Arrivi,N,Dati grezzi,OTHERACC,Altri esercizi ricettivi,551_553,'Alberghi e strutture simili, alloggi per vacanze e altre strutture per brevi soggiorni, aree di campeggio e aree attrezzate per camper e roulotte',WORLD,Mondo,2011,166997,,
A,Annuale,ITD35,Venezia,AR,Arrivi,N,Dati grezzi,OTHERACC,Altri esercizi ricettivi,551_553,'Alberghi e strutture simili, alloggi per vacanze e altre strutture per brevi soggiorni, aree di campeggio e aree attrezzate per camper e roulotte',WORLD,Mondo,2012,169628,,
A,Annuale,ITD35,Venezia,AR,Arrivi,N,Dati grezzi,OTHERACC,Altri esercizi ricettivi,551_553,'Alberghi e strutture simili, alloggi per vacanze e altre strutture per brevi soggiorni, aree di campeggio e aree attrezzate per camper e roulotte',WORLD,Mondo,2013,151311,,
A,Annuale,ITD35,Venezia,AR,Arrivi,N,Dati grezzi,OTHERACC,Altri esercizi ricettivi,551_553,'Alberghi e strutture simili, alloggi per vacanze e altre strutture per brevi soggiorni, aree di campeggio e aree attrezzate per camper e roulotte',WORLD,Mondo,2014,207118,,
A,Annuale,ITD35,Venezia,AR,Arrivi,N,Dati grezzi,OTHERACC,Altri esercizi ricettivi,551_553,'Alberghi e strutture simili, alloggi per vacanze e altre strutture per brevi soggiorni, aree di campeggio e aree attrezzate per camper e roulotte',WORLD,Mondo,2015,217104,,
A,Annuale,ITD35,Venezia,AR,Arrivi,N,Dati grezzi,OTHERACC,Altri esercizi ricettivi,551_553,'Alberghi e strutture simili, alloggi per vacanze e altre strutture per brevi soggiorni, aree di campeggio e aree attrezzate per camper e roulotte',WORLD,Mondo,2016,223063,,
A,Annuale,ITD35,Venezia,AR,Arrivi,N,Dati grezzi,OTHERACC,Altri esercizi ricettivi,551_553,'Alberghi e strutture simili, alloggi per vacanze e altre strutture per brevi soggiorni, aree di campeggio e aree attrezzate per camper e roulotte',WORLD,Mondo,2017,275452,,
A,Annuale,ITD35,Venezia,AR,Arrivi,N,Dati grezzi,OTHERACC,Altri esercizi ricettivi,551_553,'Alberghi e strutture simili, alloggi per vacanze e altre strutture per brevi soggiorni, aree di campeggio e aree attrezzate per camper e roulotte',WORLD,Mondo,2018,330622,,
A,Annuale,ITD35,Venezia,AR,Arrivi,N,Dati grezzi,OTHERACC,Altri esercizi ricettivi,551_553,'Alberghi e strutture simili, alloggi per vacanze e altre strutture per brevi soggiorni, aree di campeggio e aree attrezzate per camper e roulotte',WORLD,Mondo,2019,418777,,
A,Annuale,ITD35,Venezia,AR,Arrivi,N,Dati grezzi,OTHERACC,Altri esercizi ricettivi,551_553,'Alberghi e strutture simili, alloggi per vacanze e altre strutture per brevi soggiorni, aree di campeggio e aree attrezzate per camper e roulotte',WORLD,Mondo,2020,123979,,
A,Annuale,ITD35,Venezia,AR,Arrivi,N,Dati grezzi,OTHERACC,Altri esercizi ricettivi,551_553,'Alberghi e strutture simili, alloggi per vacanze e altre strutture per brevi soggiorni, aree di campeggio e aree attrezzate per camper e roulotte',WORLD,Mondo,2021,195660,,
A,Annuale,ITD35,Venezia,AR,Arrivi,N,Dati grezzi,OTHERACC,Altri esercizi ricettivi,551_553,'Alberghi e strutture simili, alloggi per vacanze e altre strutture per brevi soggiorni, aree di campeggio e aree attrezzate per camper e roulotte',WORLD,Mondo,2022,398534,,
A,Annuale,ITD35,Venezia,AR,Arrivi,N,Dati grezzi,OTHERACC,Altri esercizi ricettivi,551_553,'Alberghi e strutture simili, alloggi per vacanze e altre strutture per brevi soggiorni, aree di campeggio e aree attrezzate per camper e roulotte',WORLD,Mondo,2023,478996,,
A,Annuale,ITD35,Venezia,AR,Arrivi,N,Dati grezzi,OTHERACC,Altri esercizi ricettivi,551_553,'Alberghi e strutture simili, alloggi per vacanze e altre strutture per brevi soggiorni, aree di campeggio e aree attrezzate per camper e roulotte',WORLD,Mondo,2024,511792,,
