Tipologia_Luogo,Nome_Descrizione,Dettagli_Struttura,Prezzo_Totale,Paga_Zero_Oggi,Cancellazione_Gratuita,URL_Annuncio,Prezzo_Mostra_Totale,Prezzo_Mostra_Notte
Appartamento ⋅ Venezia,3 Minuti da piazza San Marco con Terrazza A/C WiFi,"3 Minuti da piazza San Marco con Terrazza A/C WiFi | 1 camera da letto 1 camera da letto 2 letti , · 2 letti 1 bagno , · 1 bagno | Host privato Host privato",2931 € in totale Mostra il dettaglio dei prezzi  2931 € in totale Cancellazione gratuita,No,Sì,https://www.airbnb.it/rooms/1084621239372555264,2931,293.1
Appartamento ⋅ Venezia,Appartamento vicino al Teatro Biennale di Ca-Sa Check,"Appartamento vicino al Teatro Biennale di Ca-Sa Check | 1 camera da letto 1 camera da letto 2 letti , · 2 letti 1 bagno , · 1 bagno | Host privato Host privato",2252 € in totale Mostra il dettaglio dei prezzi  2252 € in totale Cancellazione gratuita,No,Sì,https://www.airbnb.it/rooms/1214408000128237176,2252,225.2
Appartamento ⋅ Venezia,Ca' Nova Loft @ San Marco,"Ca' Nova Loft @ San Marco | 1 camera da letto 1 camera da letto 1 letto a 2 piazze , · 1 letto a 2 piazze 1 bagno , · 1 bagno | Host professionista Host professionista",2529 € in totale Mostra il dettaglio dei prezzi  2529 € in totale Cancellazione gratuita,No,Sì,https://www.airbnb.it/rooms/632583363073735214,2529,252.9
Appartamento ⋅ Lido di Venezia,"Venezia e Mare, Lido di Venezia","Venezia e Mare, Lido di Venezia | 2 camere da letto 2 camere da letto 2 letti , · 2 letti 2 bagni , · 2 bagni | Host privato Host privato",8980 € in totale Mostra il dettaglio dei prezzi  8980 € in totale Cancellazione gratuita,No,Sì,https://www.airbnb.it/rooms/1602054115552664464,8980,898.0
Alloggio (Venezia),Camera blu Ca' Vecchio Forno,"Camera blu Ca' Vecchio Forno | 1 camera da letto 1 camera da letto 1 letto a 2 piazze , · 1 letto a 2 piazze 1 bagno , · 1 bagno | Host privato Host privato",1987 € in totale Mostra il dettaglio dei prezzi  1987 € in totale Cancellazione gratuita,No,Sì,https://www.airbnb.it/rooms/52416887,1987,198.7
Appartamento ⋅ Venezia,Ca' Emma alla Biennale - your home in Venice,"Ca' Emma alla Biennale - your home in Venice | 1 camera da letto 1 camera da letto 2 letti , · 2 letti 1 bagno , · 1 bagno | Host privato Host privato",3375 € in totale Mostra il dettaglio dei prezzi  3375 € in totale Cancellazione gratuita,No,Sì,https://www.airbnb.it/rooms/53670356,3375,337.5
Appartamento ⋅ Lido di Venezia,Casa incantevole al Lido Venice Beach,"Casa incantevole al Lido Venice Beach | 1 camera da letto 1 camera da letto 1 letto a 2 piazze , · 1 letto a 2 piazze 1 bagno , · 1 bagno | Host professionista Host professionista",13.620 € 12.270 € in totale Mostra il dettaglio dei prezzi  Cancellazione gratuita,No,Sì,https://www.airbnb.it/rooms/934511716348321242,12270,1227.0
Appartamento ⋅ Venezia,Calle dei Preti,"Calle dei Preti | 2 camere da letto 2 camere da letto 2 letti , · 2 letti 1 bagno , · 1 bagno | Host privato Host privato",3394 € in totale Mostra il dettaglio dei prezzi  3394 € in totale Cancellazione gratuita,No,Sì,https://www.airbnb.it/rooms/45589908,3394,339.4
Appartamento ⋅ Venezia,Appartamento Bella Vista,"Appartamento Bella Vista | 1 camera da letto 1 camera da letto 3 letti , · 3 letti 1 bagno , · 1 bagno | Host privato Host privato",4580 € 3419 € in totale Mostra il dettaglio dei prezzi  Cancellazione gratuita,No,Sì,https://www.airbnb.it/rooms/582386687359485560,3419,341.9
Appartamento ⋅ Venezia,Giardino di San Lorenzo,"Giardino di San Lorenzo | 1 camera da letto 1 camera da letto 1 letto a 2 piazze , · 1 letto a 2 piazze 1 bagno , · 1 bagno | Host privato Host privato",4455 € in totale Mostra il dettaglio dei prezzi  4455 € in totale Cancellazione gratuita,No,Sì,https://www.airbnb.it/rooms/17104230,4455,445.5
Appartamento ⋅ Lido di Venezia,Appartamento nel cuore del Lido con grande terrazza,"Appartamento nel cuore del Lido con grande terrazza | 3 camere da letto 3 camere da letto 4 letti , · 4 letti 1 bagno , · 1 bagno | Host privato Host privato",6753 € in totale Mostra il dettaglio dei prezzi  6753 € in totale Cancellazione gratuita,No,Sì,https://www.airbnb.it/rooms/938978623479288210,6753,675.3
Appartamento ⋅ Venezia,"Coppie benvenute, casa moderna a 5 min Biennale","Coppie benvenute, casa moderna a 5 min Biennale | 1 camera da letto 1 camera da letto 1 letto matrimoniale grande , · 1 letto matrimoniale grande 1 bagno , · 1 bagno | Host privato Host privato",4352 € 3924 € in totale Mostra il dettaglio dei prezzi  Cancellazione gratuita,No,Sì,https://www.airbnb.it/rooms/37980243,3924,392.4
B&B a Venezia,Locanda Ca' Valeri,Locanda Ca' Valeri | 2 camere disponibili 2 camere disponibili,2335 €  2102 € 2102 € in totale. Prezzo originario: 2335 €  in totale Cancellazione gratuita,No,Sì,https://www.airbnb.it/rooms/1552109099784204953,2102,210.2
Appartamento ⋅ Lido di Venezia,Casa 7 Lido Venice Beach,"Casa 7 Lido Venice Beach | 2 camere da letto 2 camere da letto 6 letti , · 6 letti 2 bagni , · 2 bagni | Host professionista Host professionista",17.395 € 15.665 € in totale Mostra il dettaglio dei prezzi  Cancellazione gratuita,No,Sì,https://www.airbnb.it/rooms/934504084808776735,15665,1566.5
Appartamento ⋅ Venezia,"La Casetta di Foscolo by Venicevillas, Biennale","La Casetta di Foscolo by Venicevillas, Biennale | 1 camera da letto 1 camera da letto 1 letto a 2 piazze , · 1 letto a 2 piazze 1 bagno , · 1 bagno | Host professionista Host professionista",2710 € in totale Mostra il dettaglio dei prezzi  2710 € in totale Cancellazione gratuita,No,Sì,https://www.airbnb.it/rooms/51811518,2710,271.0
Lido di Venezia: stanza,Mostra del cinema di venezia,"Mostra del cinema di venezia | 2 letti 2 letti 1 bagno , · 1 bagno | Host privato Host privato",3761 € in totale Mostra il dettaglio dei prezzi  3761 € in totale Cancellazione gratuita,No,Sì,https://www.airbnb.it/rooms/686297002562728779,3761,376.1
Appartamento ⋅ Venezia,Castello 5067 Boutique Apartment vicino a Piazza San Marco,"Castello 5067 Boutique Apartment vicino a Piazza San Marco | 2 camere da letto 2 camere da letto 3 letti , · 3 letti 1 bagno , · 1 bagno | Host privato Host privato",3985 € 3395 € in totale Mostra il dettaglio dei prezzi  Cancellazione gratuita,No,Sì,https://www.airbnb.it/rooms/33905388,3395,339.5
Appartamento ⋅ Venezia,"Ca Lion di Venicevillas, Biennale","Ca Lion di Venicevillas, Biennale | 2 camere da letto 2 camere da letto 3 letti , · 3 letti 1 bagno , · 1 bagno | Host professionista Host professionista",3777 € in totale Mostra il dettaglio dei prezzi  3777 € in totale Cancellazione gratuita,No,Sì,https://www.airbnb.it/rooms/51614407,3777,377.7
Appartamento ⋅ Castello,Gallery House @Venezia,"Gallery House @Venezia | 3 camere da letto 3 camere da letto 3 letti , · 3 letti 2 bagni , · 2 bagni | Host professionista Host professionista",5404 € 4354 € in totale Mostra il dettaglio dei prezzi  Cancellazione gratuita,No,Sì,https://www.airbnb.it/rooms/54052670,4354,435.4
Casa ⋅ Castello,Antica Dimora Veneziana con Pergolato,"Antica Dimora Veneziana con Pergolato | 2 camere da letto 2 camere da letto 4 letti , · 4 letti 2 bagni , · 2 bagni | Host professionista Host professionista",4003 € in totale Mostra il dettaglio dei prezzi  4003 € in totale Cancellazione gratuita,No,Sì,https://www.airbnb.it/rooms/1178838844705171456,4003,400.3
Castello: stanza,Camera privata a Castello tra Biennale & San Marco,"Camera privata a Castello tra Biennale & San Marco | 1 letto a 2 piazze 1 letto a 2 piazze 1 bagno , · 1 bagno | Host privato Host privato",2373 € in totale Mostra il dettaglio dei prezzi  2373 € in totale Cancellazione gratuita,No,Sì,https://www.airbnb.it/rooms/17553690,2373,237.3
Appartamento ⋅ Castello,Suite Biennale Gallery,"Suite Biennale Gallery | 1 camera da letto 1 camera da letto 1 letto matrimoniale , · 1 letto matrimoniale 1 bagno , · 1 bagno | Host privato Host privato",4210 € 3795 € in totale Mostra il dettaglio dei prezzi  Cancellazione gratuita,No,Sì,https://www.airbnb.it/rooms/51118138,3795,379.5
Alloggio (Castello),Suite romantica a due passi da San Marco,"Suite romantica a due passi da San Marco | 1 camera da letto 1 camera da letto 1 letto , · 1 letto 1 bagno , · 1 bagno | Host privato Host privato",2843 € in totale Mostra il dettaglio dei prezzi  2843 € in totale Cancellazione gratuita,No,Sì,https://www.airbnb.it/rooms/1697934656716644063,2843,284.3
Castello: stanza,Casa Stainer Camera bagno esterno esclusivo,"Casa Stainer Camera bagno esterno esclusivo | 1 letto a 2 piazze 1 letto a 2 piazze 1 bagno , · 1 bagno | Host privato Host privato",1847 € in totale Mostra il dettaglio dei prezzi  1847 € in totale Cancellazione gratuita,No,Sì,https://www.airbnb.it/rooms/32077336,1847,184.7
Appartamento ⋅ Castello,Riva Home Gallery - Terrazza privata e ascensore,"Riva Home Gallery - Terrazza privata e ascensore | 2 camere da letto 2 camere da letto 3 letti , · 3 letti 2 bagni , · 2 bagni | Host privato Host privato",7093 € in totale Mostra il dettaglio dei prezzi  7093 € in totale Cancellazione gratuita,No,Sì,https://www.airbnb.it/rooms/1415363904072167743,7093,709.3
Appartamento ⋅ Castello,Appartamento Biennale Venezia,"Appartamento Biennale Venezia | 2 camere da letto 2 camere da letto 6 letti , · 6 letti 1 bagno , · 1 bagno | Host privato Host privato",3840 € in totale Mostra il dettaglio dei prezzi  3840 € in totale Cancellazione gratuita,No,Sì,https://www.airbnb.it/rooms/51600586,3840,384.0
Appartamento ⋅ Castello,CasaLuce - Luminoso appartamento a San Marco,"CasaLuce - Luminoso appartamento a San Marco | 2 camere da letto 2 camere da letto 2 letti , · 2 letti 1 bagno , · 1 bagno | Host privato Host privato",4622 € in totale Mostra il dettaglio dei prezzi  4622 € in totale Cancellazione gratuita,No,Sì,https://www.airbnb.it/rooms/1297668926728482984,4622,462.2
Appartamento ⋅ Castello,Residenza Anna Azzurra,"Residenza Anna Azzurra | 2 camere da letto 2 camere da letto 2 letti a 2 piazze , · 2 letti a 2 piazze 2 bagni , · 2 bagni | Host privato Host privato",3673 € 3355 € in totale Mostra il dettaglio dei prezzi  Cancellazione gratuita,No,Sì,https://www.airbnb.it/rooms/1619033841364034491,3355,335.5
Appartamento ⋅ Castello,Attico Bragora Smoochy Venezia,"Attico Bragora Smoochy Venezia | 1 camera da letto 1 camera da letto 1 letto a 2 piazze , · 1 letto a 2 piazze 1 bagno , · 1 bagno | Host professionista Host professionista",2869 € in totale Mostra il dettaglio dei prezzi  2869 € in totale Cancellazione gratuita,No,Sì,https://www.airbnb.it/rooms/19262607,2869,286.9
Appartamento ⋅ Castello,casa a Venezia sul canale tra il verde.,"casa a Venezia sul canale tra il verde. | 3 camere da letto 3 camere da letto 3 letti a 2 piazze , · 3 letti a 2 piazze 2 bagni , · 2 bagni | Host privato Host privato",4164 € in totale Mostra il dettaglio dei prezzi  4164 € in totale Cancellazione gratuita,No,Sì,https://www.airbnb.it/rooms/23635043,4164,416.4
Appartamento ⋅ Castello,Romantico loft,"Romantico loft | 1 camera da letto 1 camera da letto 1 letto , · 1 letto 1 bagno , · 1 bagno | Host professionista Host professionista",1878 € in totale Mostra il dettaglio dei prezzi  1878 € in totale Cancellazione gratuita,No,Sì,https://www.airbnb.it/rooms/1613820178587337673,1878,187.8
Appartamento ⋅ Castello,Ca' di Malta Camera 1 di Wonderful Italy,"Ca' di Malta Camera 1 di Wonderful Italy | 1 camera da letto 1 camera da letto 2 letti , · 2 letti 1 bagno , · 1 bagno | Host professionista Host professionista",2370 € in totale Mostra il dettaglio dei prezzi  2370 € in totale Cancellazione gratuita,No,Sì,https://www.airbnb.it/rooms/1214247555915047593,2370,237.0
Casa vacanze ⋅ Castello,Vista dall'alto dell'appartamento Ducale,"Vista dall'alto dell'appartamento Ducale | 1 camera da letto 1 camera da letto 1 letto matrimoniale , · 1 letto matrimoniale 1 bagno , · 1 bagno | Host professionista Host professionista",4022 € 3487 € in totale Mostra il dettaglio dei prezzi  Cancellazione gratuita,No,Sì,https://www.airbnb.it/rooms/18468430,3487,348.7
Appartamento ⋅ Castello,Residenza Rossella,"Residenza Rossella | 2 camere da letto 2 camere da letto 3 letti , · 3 letti 1 bagno , · 1 bagno | Host privato Host privato",4015 € in totale Mostra il dettaglio dei prezzi  4015 € in totale Cancellazione gratuita,No,Sì,https://www.airbnb.it/rooms/1237758784945891465,4015,401.5
Castello: stanza,Biennale Ensuite Room 2 di Bricola Apartments,"Biennale Ensuite Room 2 di Bricola Apartments | 1 letto a 2 piazze 1 letto a 2 piazze 1 bagno , · 1 bagno | Host professionista Host professionista",2041 € in totale Mostra il dettaglio dei prezzi  2041 € in totale Cancellazione gratuita,No,Sì,https://www.airbnb.it/rooms/1498455382684307511,2041,204.1
Appartamento ⋅ Castello,Cà Donà accogliente in centro storico di Venezia,"Cà Donà accogliente in centro storico di Venezia | 2 camere da letto 2 camere da letto 2 letti , · 2 letti 1 bagno , · 1 bagno | Host privato Host privato",3229 € in totale Mostra il dettaglio dei prezzi  3229 € in totale Cancellazione gratuita,No,Sì,https://www.airbnb.it/rooms/1519099528659826310,3229,322.9
Casa vacanze ⋅ Venezia,Fuga a Venezia-San Giorgio,"Fuga a Venezia-San Giorgio | 1 camera da letto 1 camera da letto 1 letto matrimoniale , · 1 letto matrimoniale 1 bagno , · 1 bagno | Host professionista Host professionista",3550 € 3027 € in totale Mostra il dettaglio dei prezzi  Cancellazione gratuita,No,Sì,https://www.airbnb.it/rooms/7624650,3027,302.7
Appartamento ⋅ Venezia,"Casa Dolce Riva: affascinante, autentica e tranquilla, 2 bagni","Casa Dolce Riva: affascinante, autentica e tranquilla, 2 bagni | 2 camere da letto 2 camere da letto 3 letti , · 3 letti 2 bagni , · 2 bagni | Host privato Host privato",3862 € in totale Mostra il dettaglio dei prezzi  3862 € in totale Cancellazione gratuita,No,Sì,https://www.airbnb.it/rooms/1415229937655660204,3862,386.2
B&B a Venezia,B&B di Alfonso,B&B di Alfonso | 2 camere disponibili 2 camere disponibili,2247 €  2019 € 2019 € in totale. Prezzo originario: 2247 €  in totale,No,No,https://www.airbnb.it/rooms/1295650,2019,201.9
Appartamento ⋅ Venezia,Ca' del Papa - Riva Gold Apartment,"Ca' del Papa - Riva Gold Apartment | 1 camera da letto 1 camera da letto 2 letti , · 2 letti 1 bagno , · 1 bagno | Host professionista Host professionista",3466 € 3166 € in totale Mostra il dettaglio dei prezzi  Cancellazione gratuita,No,Sì,https://www.airbnb.it/rooms/1609457874045175465,3166,316.6
Appartamento ⋅ Lido di Venezia,Mary Rose Guest House (Casa di Maria Rosa) Venezia,"Mary Rose Guest House (Casa di Maria Rosa) Venezia | 3 camere da letto 3 camere da letto 7 letti , · 7 letti 2 bagni , · 2 bagni | Host privato Host privato",17.675 € in totale Mostra il dettaglio dei prezzi  17.675 € in totale Cancellazione gratuita,No,Sì,https://www.airbnb.it/rooms/1075299871768616102,17675,1767.5
Appartamento ⋅ Lido di Venezia,Appartamenti Ca' Barbarigo,"Appartamenti Ca' Barbarigo | 3 camere da letto 3 camere da letto 2 letti , · 2 letti 3 bagni , · 3 bagni | Host privato Host privato",46.318 € 42.318 € in totale Mostra il dettaglio dei prezzi  Cancellazione gratuita,No,Sì,https://www.airbnb.it/rooms/1360322103669864742,42318,4231.8
Appartamento ⋅ Venezia,"Lio Piccolo, San Marco -Arsenale","Lio Piccolo, San Marco -Arsenale | 1 camera da letto 1 camera da letto 1 letto a 2 piazze , · 1 letto a 2 piazze 1 bagno , · 1 bagno | Host privato Host privato",2697 € in totale Mostra il dettaglio dei prezzi  2697 € in totale Cancellazione gratuita,No,Sì,https://www.airbnb.it/rooms/817196070864448954,2697,269.7
Appartamento ⋅ Venezia,Ramo delle Moschette,"Ramo delle Moschette | 1 camera da letto 1 camera da letto 2 letti , · 2 letti 1 bagno , · 1 bagno | Host professionista Host professionista",4031 € 3685 € in totale Mostra il dettaglio dei prezzi  Cancellazione gratuita,No,Sì,https://www.airbnb.it/rooms/17074337,3685,368.5
Appartamento ⋅ Venezia,"Ca' Elisabetta, suite","Ca' Elisabetta, suite | 1 camera da letto 1 camera da letto 2 letti , · 2 letti 1 bagno , · 1 bagno | Host privato Host privato",3298 € 3016 € in totale Mostra il dettaglio dei prezzi  Cancellazione gratuita,No,Sì,https://www.airbnb.it/rooms/1450551755916458370,3016,301.6
Appartamento ⋅ Venezia,Ca' di Malta Camera 2 di Wonderful Italy,"Ca' di Malta Camera 2 di Wonderful Italy | 1 camera da letto 1 camera da letto 2 letti , · 2 letti 1 bagno , · 1 bagno | Host professionista Host professionista",2380 € in totale Mostra il dettaglio dei prezzi  2380 € in totale Cancellazione gratuita,No,Sì,https://www.airbnb.it/rooms/1214247863493026146,2380,238.0
Appartamento ⋅ Venezia,Casa al Ponte Scudi - 4 finestre sul canale,"Casa al Ponte Scudi - 4 finestre sul canale | 1 camera da letto 1 camera da letto 3 letti , · 3 letti 2 bagni , · 2 bagni | Host privato Host privato",4610 € 4158 € in totale Mostra il dettaglio dei prezzi  Cancellazione gratuita,No,Sì,https://www.airbnb.it/rooms/54238272,4158,415.8
Appartamento ⋅ Venezia,Cà Magno Luxury Design - Vista sul canale con sauna,"Cà Magno Luxury Design - Vista sul canale con sauna | 2 camere da letto 2 camere da letto 4 letti , · 4 letti 2 bagni , · 2 bagni | Host privato Host privato",4890 € in totale Mostra il dettaglio dei prezzi  4890 € in totale Cancellazione gratuita,No,Sì,https://www.airbnb.it/rooms/38237339,4890,489.0
Appartamento ⋅ Venezia,"Ca' Elena, splendida vista sul canale Biennale","Ca' Elena, splendida vista sul canale Biennale | 2 camere da letto 2 camere da letto 2 letti , · 2 letti 1 bagno , · 1 bagno | Host privato Host privato",5352 € in totale Mostra il dettaglio dei prezzi  5352 € in totale Cancellazione gratuita,No,Sì,https://www.airbnb.it/rooms/1424444384465055462,5352,535.2
Appartamento ⋅ Venezia,"Appartamento con terrazza BIENNALE & S. MARK, POSIZIONE TOP!","Appartamento con terrazza BIENNALE & S. MARK, POSIZIONE TOP! | 1 camera da letto 1 camera da letto 1 letto a 2 piazze , · 1 letto a 2 piazze 1 bagno , · 1 bagno | Host privato Host privato",3306 € in totale Mostra il dettaglio dei prezzi  3306 € in totale Cancellazione gratuita,No,Sì,https://www.airbnb.it/rooms/29640692,3306,330.6
Appartamento ⋅ Venezia,"Nicoli, comodo appartamento nella Venezia più viva","Nicoli, comodo appartamento nella Venezia più viva | 1 camera da letto 1 camera da letto 3 letti singoli , · 3 letti singoli 1 bagno , · 1 bagno | Host professionista Host professionista",3552 € in totale Mostra il dettaglio dei prezzi  3552 € in totale Cancellazione gratuita,No,Sì,https://www.airbnb.it/rooms/363885,3552,355.2
Casa ⋅ Venezia,Ca' Pittore - Arsenale,"Ca' Pittore - Arsenale | 2 camere da letto 2 camere da letto 2 letti , · 2 letti 1 bagno , · 1 bagno | Host professionista Host professionista",8386 € in totale Mostra il dettaglio dei prezzi  8386 € in totale Cancellazione gratuita,No,Sì,https://www.airbnb.it/rooms/1648456452455703092,8386,838.6
Appartamento ⋅ Venezia,5 minutes from Biennale con corte privata,"5 minutes from Biennale con corte privata | 2 camere da letto 2 camere da letto 2 letti a 2 piazze , · 2 letti a 2 piazze 1 bagno , · 1 bagno | Host privato Host privato",13.458 € in totale Mostra il dettaglio dei prezzi  13.458 € in totale Cancellazione gratuita,No,Sì,https://www.airbnb.it/rooms/1616712093621989636,13458,1345.8
Appartamento ⋅ Venezia,Celestia Castello in vaporetto,"Celestia Castello in vaporetto | 2 camere da letto 2 camere da letto 3 letti , · 3 letti 1 bagno , · 1 bagno | Host professionista Host professionista",3740 € 3403 € in totale Mostra il dettaglio dei prezzi  Cancellazione gratuita,No,Sì,https://www.airbnb.it/rooms/51279783,3403,340.3
Appartamento ⋅ Castello,Ca' Venier Accogliente appartamento R&R,"Ca' Venier Accogliente appartamento R&R | 1 camera da letto 1 camera da letto 1 letto a 2 piazze , · 1 letto a 2 piazze 1 bagno , · 1 bagno | Host professionista Host professionista",3359 € in totale Mostra il dettaglio dei prezzi  3359 € in totale Cancellazione gratuita,No,Sì,https://www.airbnb.it/rooms/1637586443925629770,3359,335.9
Appartamento ⋅ Castello,Lo stile veneziano di Daniela nel centro storico di Venezia,"Lo stile veneziano di Daniela nel centro storico di Venezia | 2 camere da letto 2 camere da letto 4 letti , · 4 letti 2 bagni , · 2 bagni | Host professionista Host professionista",4158 € in totale Mostra il dettaglio dei prezzi  4158 € in totale Cancellazione gratuita,No,Sì,https://www.airbnb.it/rooms/875123278384610667,4158,415.8
Casa galleggiante ⋅ Castello,AQVA Houseboat sulla Laguna di Venezia - Venezia,"AQVA Houseboat sulla Laguna di Venezia - Venezia | 3 camere da letto 3 camere da letto 1 bagno , · 1 bagno | Host privato Host privato",14.300 € 8780 € in totale Mostra il dettaglio dei prezzi  ,No,No,https://www.airbnb.it/rooms/830353311598780523,8780,878.0
Appartamento ⋅ Castello,Martino vista canale,"Martino vista canale | 2 camere da letto 2 camere da letto 3 letti , · 3 letti 1 bagno , · 1 bagno | Host privato Host privato",5350 € 4819 € in totale Mostra il dettaglio dei prezzi  Cancellazione gratuita,No,Sì,https://www.airbnb.it/rooms/1373272825190013523,4819,481.9
Appartamento ⋅ Castello,Loft veneziano,"Loft veneziano | 2 camere da letto 2 camere da letto 3 letti , · 3 letti 1,5 bagni (anche di servizio) , · 1,5 bagni (anche di servizio) | Host professionista Host professionista",10.756 € in totale Mostra il dettaglio dei prezzi  10.756 € in totale Cancellazione gratuita,No,Sì,https://www.airbnb.it/rooms/1242528494463824221,10756,1075.6
Appartamento ⋅ Castello,Lussuoso appartamento per 3 persone in Piazza San Marco,"Lussuoso appartamento per 3 persone in Piazza San Marco | 2 camere da letto 2 camere da letto 2 letti , · 2 letti 1 bagno , · 1 bagno | Host professionista Host professionista",5310 € 4779 € in totale Mostra il dettaglio dei prezzi  Cancellazione gratuita,No,Sì,https://www.airbnb.it/rooms/15800196,4779,477.9
Appartamento ⋅ Castello,2 Camere nel Cuore di Castello • Biennale a piedi,"2 Camere nel Cuore di Castello • Biennale a piedi | 2 camere da letto 2 camere da letto 1 bagno , · 1 bagno | Host privato Host privato",3874 € in totale Mostra il dettaglio dei prezzi  3874 € in totale Cancellazione gratuita,No,Sì,https://www.airbnb.it/rooms/50452700,3874,387.4
Appartamento ⋅ Castello,Appartamento Casanova San Marco,"Appartamento Casanova San Marco | 2 camere da letto 2 camere da letto 1 letto , · 1 letto 1 bagno , · 1 bagno | Host privato Host privato",3292 € 3007 € in totale Mostra il dettaglio dei prezzi  Cancellazione gratuita,No,Sì,https://www.airbnb.it/rooms/1442043659384958544,3007,300.7
Appartamento ⋅ Castello,LN Homes Venice San Marco vista canale,"LN Homes Venice San Marco vista canale | 1 camera da letto 1 camera da letto 1 letto a 2 piazze , · 1 letto a 2 piazze 1 bagno , · 1 bagno | Host privato Host privato",3125 € in totale Mostra il dettaglio dei prezzi  3125 € in totale Cancellazione gratuita,No,Sì,https://www.airbnb.it/rooms/16670834,3125,312.5
Appartamento ⋅ Castello,Appartamento di lusso per 2 persone in Piazza San Marco,"Appartamento di lusso per 2 persone in Piazza San Marco | 1 camera da letto 1 camera da letto 1 letto a 2 piazze , · 1 letto a 2 piazze 1 bagno , · 1 bagno | Host professionista Host professionista",4130 € 3717 € in totale Mostra il dettaglio dei prezzi  Cancellazione gratuita,No,Sì,https://www.airbnb.it/rooms/15798810,3717,371.7
Appartamento ⋅ Castello,"Venicevillas - Ca' Rosalba, zona Biennale","Venicevillas - Ca' Rosalba, zona Biennale | 2 camere da letto 2 camere da letto 4 letti , · 4 letti 1 bagno , · 1 bagno | Host professionista Host professionista",3387 € in totale Mostra il dettaglio dei prezzi  3387 € in totale Cancellazione gratuita,No,Sì,https://www.airbnb.it/rooms/28077021,3387,338.7
Appartamento ⋅ Castello,Ca’ Venier – Appartamento con balcone R&r,"Ca’ Venier – Appartamento con balcone R&r | 2 camere da letto 2 camere da letto 2 letti , · 2 letti 1 bagno , · 1 bagno | Host professionista Host professionista",4148 € in totale Mostra il dettaglio dei prezzi  4148 € in totale Cancellazione gratuita,No,Sì,https://www.airbnb.it/rooms/1637586534457253152,4148,414.8
Appartamento ⋅ Castello,Terrazza della suite Lion Palace R&r,"Terrazza della suite Lion Palace R&r | 1 camera da letto 1 camera da letto 1 letto a 2 piazze , · 1 letto a 2 piazze Bagno di servizio , · Bagno di servizio | Host professionista Host professionista",9667 € in totale Mostra il dettaglio dei prezzi  9667 € in totale Cancellazione gratuita,No,Sì,https://www.airbnb.it/rooms/49727247,9667,966.7
Appartamento ⋅ Castello,Castello centro: luminoso tra Biennale e San Marco,"Castello centro: luminoso tra Biennale e San Marco | 1 camera da letto 1 camera da letto 2 letti , · 2 letti 1 bagno , · 1 bagno | Host privato Host privato",3357 € in totale Mostra il dettaglio dei prezzi  3357 € in totale Cancellazione gratuita,No,Sì,https://www.airbnb.it/rooms/645423149621301474,3357,335.7
Appartamento ⋅ Castello,Ca' Piera Rossa,"Ca' Piera Rossa | 1 camera da letto 1 camera da letto 1 letto , · 1 letto 1 bagno , · 1 bagno | Host privato Host privato",4628 € in totale Mostra il dettaglio dei prezzi  4628 € in totale Cancellazione gratuita,No,Sì,https://www.airbnb.it/rooms/1080378951629944153,4628,462.8
Appartamento ⋅ Castello,Comodo bilocale Via Garibaldi / Biennale,"Comodo bilocale Via Garibaldi / Biennale | 1 camera da letto 1 camera da letto 2 letti , · 2 letti 1 bagno , · 1 bagno | Host professionista Host professionista",3652 € in totale Mostra il dettaglio dei prezzi  3652 € in totale Cancellazione gratuita,No,Sì,https://www.airbnb.it/rooms/43814550,3652,365.2
Appartamento ⋅ Castello,"Appartamento ""Terrazza"" 2 pax, vicino a Piazza San Marco","Appartamento ""Terrazza"" 2 pax, vicino a Piazza San Marco | 1 camera da letto 1 camera da letto 1 letto matrimoniale , · 1 letto matrimoniale 1 bagno , · 1 bagno | Host professionista Host professionista",4484 € in totale Mostra il dettaglio dei prezzi  4484 € in totale Cancellazione gratuita,No,Sì,https://www.airbnb.it/rooms/29815301,4484,448.4
Appartamento ⋅ Castello,Splendido appartamento in Piazza San Marco vicino a Ca-Sa Check,"Splendido appartamento in Piazza San Marco vicino a Ca-Sa Check | 2 camere da letto 2 camere da letto 2 letti a 2 piazze , · 2 letti a 2 piazze 2 bagni , · 2 bagni | Host privato Host privato",3491 € in totale Mostra il dettaglio dei prezzi  3491 € in totale Cancellazione gratuita,No,Sì,https://www.airbnb.it/rooms/1212781884533321784,3491,349.1
Appartamento ⋅ Venezia,Venezia Ca San Marco con vista sul canale di Wonderful Italy,"Venezia Ca San Marco con vista sul canale di Wonderful Italy | 2 camere da letto 2 camere da letto 3 letti , · 3 letti 1 bagno , · 1 bagno | Host professionista Host professionista",3300 € in totale Mostra il dettaglio dei prezzi  3300 € in totale Cancellazione gratuita,No,Sì,https://www.airbnb.it/rooms/1004797902509902922,3300,330.0
Appartamento ⋅ Venezia,Ampio e luminoso monolocale con vista canale,"Ampio e luminoso monolocale con vista canale | 1 camera da letto 1 camera da letto 2 letti , · 2 letti 1 bagno , · 1 bagno | Host professionista Host professionista",3816 € in totale Mostra il dettaglio dei prezzi  3816 € in totale Cancellazione gratuita,No,Sì,https://www.airbnb.it/rooms/44548061,3816,381.6
Appartamento ⋅ Venezia,a pochi minuti dalla biennale e da P.zza San Marco,"a pochi minuti dalla biennale e da P.zza San Marco | 2 camere da letto 2 camere da letto 2 bagni , · 2 bagni | Host privato Host privato",10.070 € in totale Mostra il dettaglio dei prezzi  10.070 € in totale Cancellazione gratuita,No,Sì,https://www.airbnb.it/rooms/1126024346850122681,10070,1007.0
Appartamento ⋅ Venezia,*Luminoso appartamento di S. Mark con balcone e connessione a Internet in fibra,"*Luminoso appartamento di S. Mark con balcone e connessione a Internet in fibra | 1 camera da letto 1 camera da letto 1 letto a 2 piazze , · 1 letto a 2 piazze 1 bagno , · 1 bagno | Host privato Host privato",3834 € in totale Mostra il dettaglio dei prezzi  3834 € in totale Cancellazione gratuita,No,Sì,https://www.airbnb.it/rooms/48264504,3834,383.4
Appartamento ⋅ Venezia,"Rio San Lorenzo vista canale, 5 minuti a San Marco","Rio San Lorenzo vista canale, 5 minuti a San Marco | 2 camere da letto 2 camere da letto 2 letti , · 2 letti 1 bagno , · 1 bagno | Host professionista Host professionista",4550 € 3780 € in totale Mostra il dettaglio dei prezzi  Cancellazione gratuita,No,Sì,https://www.airbnb.it/rooms/1386106886831117234,3780,378.0
Appartamento ⋅ Venezia,SPLENDIDA esperienza con VISTA SUL CANALE vicino a San Marco,"SPLENDIDA esperienza con VISTA SUL CANALE vicino a San Marco | 1 camera da letto 1 camera da letto 1 letto a 2 piazze , · 1 letto a 2 piazze 1 bagno , · 1 bagno | Host privato Host privato",7116 € in totale Mostra il dettaglio dei prezzi  7116 € in totale Cancellazione gratuita,No,Sì,https://www.airbnb.it/rooms/42429568,7116,711.6
Appartamento ⋅ Venezia,Appartamento con giardino R&r nel quartiere Castello,"Appartamento con giardino R&r nel quartiere Castello | 2 camere da letto 2 camere da letto 3 letti , · 3 letti 2 bagni , · 2 bagni | Host professionista Host professionista",6317 € in totale Mostra il dettaglio dei prezzi  6317 € in totale Cancellazione gratuita,No,Sì,https://www.airbnb.it/rooms/955691533700422314,6317,631.7
Appartamento ⋅ Venezia,Appartamento deluxe Biennale R&r,"Appartamento deluxe Biennale R&r | 1 camera da letto 1 camera da letto 1 letto , · 1 letto 1 bagno , · 1 bagno | Host professionista Host professionista",4486 € in totale Mostra il dettaglio dei prezzi  4486 € in totale Cancellazione gratuita,No,Sì,https://www.airbnb.it/rooms/1049918645815165674,4486,448.6
Appartamento ⋅ Venezia,Ca'Lavinia • 2 suite • 2 bagni • 10 min da San Marco,"Ca'Lavinia • 2 suite • 2 bagni • 10 min da San Marco | 2 camere da letto 2 camere da letto 3 letti , · 3 letti 2 bagni , · 2 bagni | Host privato Host privato",5045 € in totale Mostra il dettaglio dei prezzi  5045 € in totale Cancellazione gratuita,No,Sì,https://www.airbnb.it/rooms/1104833527912113318,5045,504.5
Venezia: stanza,Accogliente casa e bagno con costumista,"Accogliente casa e bagno con costumista | 1 letto 1 letto 1 bagno , · 1 bagno | Host privato Host privato",2996 € in totale Mostra il dettaglio dei prezzi  2996 € in totale Cancellazione gratuita,No,Sì,https://www.airbnb.it/rooms/1179720635442247495,2996,299.6
Appartamento ⋅ Venezia,Vera Aqua,"Vera Aqua | 1 letto 1 letto Nessun bagno , · Nessun bagno | Host privato Host privato",4015 € in totale Mostra il dettaglio dei prezzi  4015 € in totale Cancellazione gratuita,No,Sì,https://www.airbnb.it/rooms/1138419410649688342,4015,401.5
Appartamento ⋅ Venezia,Stanza degli artisti,"Stanza degli artisti | 1 camera da letto 1 camera da letto 1 bagno , · 1 bagno | Host privato Host privato",3330 € in totale Mostra il dettaglio dei prezzi  3330 € in totale Cancellazione gratuita,No,Sì,https://www.airbnb.it/rooms/1136179732695200867,3330,333.0
Lido di Venezia: stanze,Spaziosa casa a Lido di Venezia vicino al traghetto e al mare,"Spaziosa casa a Lido di Venezia vicino al traghetto e al mare | 3 camere da letto 3 camere da letto 4 letti , · 4 letti 1 bagno , · 1 bagno | Host professionista Host professionista",13.865 € in totale Mostra il dettaglio dei prezzi  13.865 € in totale Cancellazione gratuita,No,Sì,https://www.airbnb.it/rooms/968713406283108635,13865,1386.5
Appartamento ⋅ Venezia,"Appartamento di lusso vicino a Piazza Piazza San Marco, vista sul canale","Appartamento di lusso vicino a Piazza Piazza San Marco, vista sul canale | 1 camera da letto 1 camera da letto 1 letto a 2 piazze , · 1 letto a 2 piazze 1 bagno , · 1 bagno | Host professionista Host professionista",5045 € in totale Mostra il dettaglio dei prezzi  5045 € in totale Cancellazione gratuita,No,Sì,https://www.airbnb.it/rooms/12818221,5045,504.5
Appartamento ⋅ Venezia,Appartamento Real Biennale,"Appartamento Real Biennale | 2 camere da letto 2 camere da letto 2 letti , · 2 letti 1 bagno , · 1 bagno | Host professionista Host professionista",8224 € in totale Mostra il dettaglio dei prezzi  8224 € in totale Cancellazione gratuita,No,Sì,https://www.airbnb.it/rooms/1494810355107522424,8224,822.4
Appartamento ⋅ Venezia,Appartamento con vista sul canale di Venezia,"Appartamento con vista sul canale di Venezia | 1 camera da letto 1 camera da letto 2 letti a 2 piazze , · 2 letti a 2 piazze 1 bagno , · 1 bagno | Host professionista Host professionista",6949 € 6350 € in totale Mostra il dettaglio dei prezzi  Cancellazione gratuita,No,Sì,https://www.airbnb.it/rooms/30760815,6350,635.0
Appartamento ⋅ Venezia,Ca' Barbarina 1,"Ca' Barbarina 1 | 2 camere da letto 2 camere da letto 4 letti , · 4 letti 2 bagni , · 2 bagni | Host professionista Host professionista",6181 € 5587 € in totale Mostra il dettaglio dei prezzi  Cancellazione gratuita,No,Sì,https://www.airbnb.it/rooms/1355742172750173409,5587,558.7
Appartamento ⋅ Venezia,"Ca' Campaniel, il tuo angolo segreto a Venezia","Ca' Campaniel, il tuo angolo segreto a Venezia | 1 camera da letto 1 camera da letto 4 letti , · 4 letti 1 bagno , · 1 bagno | Host professionista Host professionista",3761 € in totale Mostra il dettaglio dei prezzi  3761 € in totale Cancellazione gratuita,No,Sì,https://www.airbnb.it/rooms/5401000,3761,376.1
Appartamento ⋅ Castello,Signorile ampio appartamento vicino Piazza S.Marco,"Signorile ampio appartamento vicino Piazza S.Marco | 2 camere da letto 2 camere da letto 3 letti , · 3 letti 1 bagno , · 1 bagno | Host professionista Host professionista",3460 € in totale Mostra il dettaglio dei prezzi  3460 € in totale Cancellazione gratuita,No,Sì,https://www.airbnb.it/rooms/904177851440853441,3460,346.0
Appartamento ⋅ Castello,"Appartamento Alle Ancore, Venezia centro, Biennale","Appartamento Alle Ancore, Venezia centro, Biennale | 1 camera da letto 1 camera da letto 2 letti , · 2 letti 1 bagno , · 1 bagno | Host privato Host privato",3750 € in totale Mostra il dettaglio dei prezzi  3750 € in totale Cancellazione gratuita,No,Sì,https://www.airbnb.it/rooms/25536105,3750,375.0
Appartamento ⋅ Castello,"Appartamento di lusso Giardino, vicino a Piazza San Marco","Appartamento di lusso Giardino, vicino a Piazza San Marco | 1 camera da letto 1 camera da letto 1 letto matrimoniale , · 1 letto matrimoniale 1 bagno , · 1 bagno | Host professionista Host professionista",4720 € 4248 € in totale Mostra il dettaglio dei prezzi  Cancellazione gratuita,No,Sì,https://www.airbnb.it/rooms/25000708,4248,424.8
Appartamento ⋅ Castello,L'Eclat du Jardin R&R,"L'Eclat du Jardin R&R | 2 camere da letto 2 camere da letto 3 letti , · 3 letti 2 bagni , · 2 bagni | Host professionista Host professionista",8636 € in totale Mostra il dettaglio dei prezzi  8636 € in totale Cancellazione gratuita,No,Sì,https://www.airbnb.it/rooms/1542083720446112766,8636,863.6
Appartamento ⋅ Castello,Ca' Melissa,"Ca' Melissa | 1 camera da letto 1 camera da letto 3 letti , · 3 letti Bagno di servizio , · Bagno di servizio | Host professionista Host professionista",3337 € 3057 € in totale Mostra il dettaglio dei prezzi  Cancellazione gratuita,No,Sì,https://www.airbnb.it/rooms/28515468,3057,305.7
Appartamento ⋅ Castello,Casa Clodia | Biennale Luxury Stay,"Casa Clodia | Biennale Luxury Stay | 2 camere da letto 2 camere da letto 2 letti a 2 piazze , · 2 letti a 2 piazze 2 bagni , · 2 bagni | Host privato Host privato",5358 € in totale Mostra il dettaglio dei prezzi  5358 € in totale Cancellazione gratuita,No,Sì,https://www.airbnb.it/rooms/1427626918899341234,5358,535.8
Appartamento ⋅ Castello,Nuovo appartamento di lusso Gold Venice Arsenale,"Nuovo appartamento di lusso Gold Venice Arsenale | 2 letti 2 letti 1 bagno , · 1 bagno | Host privato Host privato",1923 € 1769 € in totale Mostra il dettaglio dei prezzi  Cancellazione gratuita,No,Sì,https://www.airbnb.it/rooms/1613149442830276633,1769,176.9
Appartamento ⋅ Castello,Casa autentica tra San Marco e Biennale,"Casa autentica tra San Marco e Biennale | 1 camera da letto 1 camera da letto 2 letti , · 2 letti 1 bagno , · 1 bagno | Host privato Host privato",3333 € in totale Mostra il dettaglio dei prezzi  3333 € in totale Cancellazione gratuita,No,Sì,https://www.airbnb.it/rooms/1464275109624163861,3333,333.3
Alloggio (Castello),Appartamentino dietro San Marco,"Appartamentino dietro San Marco | 1 camera da letto 1 camera da letto 1 letto , · 1 letto 1 bagno , · 1 bagno | Host privato Host privato",3305 € in totale Mostra il dettaglio dei prezzi  3305 € in totale Cancellazione gratuita,No,Sì,https://www.airbnb.it/rooms/1697981040863773383,3305,330.5
Alloggio (Castello),Ca' di Malta Room 7 di Wonderful Italy,"Ca' di Malta Room 7 di Wonderful Italy | 1 camera da letto 1 camera da letto 1 letto matrimoniale , · 1 letto matrimoniale 1 bagno , · 1 bagno | Host professionista Host professionista",2402 € in totale Mostra il dettaglio dei prezzi  2402 € in totale Cancellazione gratuita,No,Sì,https://www.airbnb.it/rooms/1561661407533430047,2402,240.2
Appartamento ⋅ Castello,"Ca' Riello, appartamento a 300mt dall'Arsenale","Ca' Riello, appartamento a 300mt dall'Arsenale | 2 camere da letto 2 camere da letto 3 letti singoli , · 3 letti singoli 1 bagno , · 1 bagno | Host professionista Host professionista",4837 € in totale Mostra il dettaglio dei prezzi  4837 € in totale Cancellazione gratuita,No,Sì,https://www.airbnb.it/rooms/44566838,4837,483.7
Appartamento ⋅ Castello,Relax a 2 passi da S.Marco–Vista su piccolo canale,"Relax a 2 passi da S.Marco–Vista su piccolo canale | 1 camera da letto 1 camera da letto 1 letto a 2 piazze , · 1 letto a 2 piazze 1 bagno , · 1 bagno | Host privato Host privato",3366 € in totale Mostra il dettaglio dei prezzi  3366 € in totale Cancellazione gratuita,No,Sì,https://www.airbnb.it/rooms/21854616,3366,336.6
Appartamento ⋅ Castello,Corte Formenta,"Corte Formenta | 2 camere da letto 2 camere da letto 3 letti , · 3 letti 2,5 bagni (anche di servizio) , · 2,5 bagni (anche di servizio) | Host professionista Host professionista",11.970 € in totale Mostra il dettaglio dei prezzi  11.970 € in totale Cancellazione gratuita,No,Sì,https://www.airbnb.it/rooms/1548429736459015298,11970,1197.0
Appartamento ⋅ Castello,Terrazza di lusso a Venezia e balcone con vista su San Marco,"Terrazza di lusso a Venezia e balcone con vista su San Marco | 1 camera da letto 1 camera da letto 2 letti , · 2 letti 2 bagni , · 2 bagni | Host professionista Host professionista",5440 € in totale Mostra il dettaglio dei prezzi  5440 € in totale Cancellazione gratuita,No,Sì,https://www.airbnb.it/rooms/39454678,5440,544.0
Appartamento ⋅ Castello,Vera Venezia Uno,"Vera Venezia Uno | 1 camera da letto 1 camera da letto 1 letto , · 1 letto 1 bagno , · 1 bagno | Host privato Host privato",4384 € in totale Mostra il dettaglio dei prezzi  4384 € in totale Cancellazione gratuita,No,Sì,https://www.airbnb.it/rooms/54372708,4384,438.4
Appartamento ⋅ Castello,Appartamento Superior Biennale R&R,"Appartamento Superior Biennale R&R | 2 camere da letto 2 camere da letto 2 letti , · 2 letti 2 bagni , · 2 bagni | Host professionista Host professionista",4938 € in totale Mostra il dettaglio dei prezzi  4938 € in totale Cancellazione gratuita,No,Sì,https://www.airbnb.it/rooms/53604799,4938,493.8
Casa ⋅ Lido,Casa Giorgina,"Casa Giorgina | 2 camere da letto 2 camere da letto 6 letti , · 6 letti 2 bagni , · 2 bagni | Host privato Host privato",14.792 € 12.192 € in totale Mostra il dettaglio dei prezzi  Cancellazione gratuita,No,Sì,https://www.airbnb.it/rooms/1640537801421996522,12192,1219.2
Appartamento ⋅ Castello,Giardini biennale flat,"Giardini biennale flat | 1 camera da letto 1 camera da letto 3 letti , · 3 letti 1 bagno , · 1 bagno | Host privato Host privato",3622 € 3312 € in totale Mostra il dettaglio dei prezzi  Cancellazione gratuita,No,Sì,https://www.airbnb.it/rooms/1683262152866841891,3312,331.2
Appartamento ⋅ Castello,La Casa del Pittore-Biennale Arsenale,"La Casa del Pittore-Biennale Arsenale | 2 camere da letto 2 camere da letto 3 letti , · 3 letti 2 bagni , · 2 bagni | Host privato Host privato",4955 € 4526 € in totale Mostra il dettaglio dei prezzi  Cancellazione gratuita,No,Sì,https://www.airbnb.it/rooms/14035254,4526,452.6
Appartamento ⋅ Castello,"Arco Apartment, Venezia Centro, Arsenale","Arco Apartment, Venezia Centro, Arsenale | 2 camere da letto 2 camere da letto 2 letti , · 2 letti 2 bagni , · 2 bagni | Host professionista Host professionista",4777 € in totale Mostra il dettaglio dei prezzi  4777 € in totale Cancellazione gratuita,No,Sì,https://www.airbnb.it/rooms/44568550,4777,477.7
Casa ⋅ Castello,La vera Venezia come una persona del luogo,"La vera Venezia come una persona del luogo | 1 camera da letto 1 camera da letto 1 letto , · 1 letto 1 bagno , · 1 bagno | Host professionista Host professionista",4718 € in totale Mostra il dettaglio dei prezzi  4718 € in totale Cancellazione gratuita,No,Sì,https://www.airbnb.it/rooms/1459483713862763523,4718,471.8
Appartamento ⋅ Castello,"Appartamento di lusso, 3 pax, vicino a Piazza San Marco","Appartamento di lusso, 3 pax, vicino a Piazza San Marco | 2 camere da letto 2 camere da letto 2 letti , · 2 letti 1 bagno , · 1 bagno | Host professionista Host professionista",5833 € in totale Mostra il dettaglio dei prezzi  5833 € in totale Cancellazione gratuita,No,Sì,https://www.airbnb.it/rooms/15812296,5833,583.3
Appartamento ⋅ Castello,[Venezia centro] 5 minuti da San Marco,"[Venezia centro] 5 minuti da San Marco | 1 camera da letto 1 camera da letto 1 letto , · 1 letto 1 bagno , · 1 bagno | Host privato Host privato",3963 € in totale Mostra il dettaglio dei prezzi  3963 € in totale Cancellazione gratuita,No,Sì,https://www.airbnb.it/rooms/820942402659816771,3963,396.3
Castello: stanza,Camera elegante e bagno privato,"Camera elegante e bagno privato | 1 letto 1 letto 1 bagno , · 1 bagno | Host privato Host privato",2785 € in totale Mostra il dettaglio dei prezzi  2785 € in totale Cancellazione gratuita,No,Sì,https://www.airbnb.it/rooms/1179747391201190820,2785,278.5
Appartamento ⋅ Castello,Ca' del Papa – Appartamento di lusso Laguna,"Ca' del Papa – Appartamento di lusso Laguna | 3 camere da letto 3 camere da letto 4 letti , · 4 letti 2 bagni , · 2 bagni | Host professionista Host professionista",5862 € 5355 € in totale Mostra il dettaglio dei prezzi  Cancellazione gratuita,No,Sì,https://www.airbnb.it/rooms/1634670537815649842,5355,535.5
Appartamento ⋅ Castello,Ca' Navagero 3-Riva degli Schiavoni (con terrazza),"Ca' Navagero 3-Riva degli Schiavoni (con terrazza) | 2 camere da letto 2 camere da letto 2 letti a 2 piazze , · 2 letti a 2 piazze 3 bagni , · 3 bagni | Host professionista Host professionista",10.433 € in totale Mostra il dettaglio dei prezzi  10.433 € in totale Cancellazione gratuita,No,Sì,https://www.airbnb.it/rooms/23512302,10433,1043.3
Appartamento ⋅ Castello,Nel nome della rosa,"Nel nome della rosa | 1 camera da letto 1 camera da letto 1 letto a 2 piazze , · 1 letto a 2 piazze 1 bagno , · 1 bagno | Host professionista Host professionista",6002 € in totale Mostra il dettaglio dei prezzi  6002 € in totale Cancellazione gratuita,No,Sì,https://www.airbnb.it/rooms/25849656,6002,600.2
Appartamento ⋅ Castello,Ca’ Malatin – Casa Vacanza,"Ca’ Malatin – Casa Vacanza | 2 camere da letto 2 camere da letto 3 letti , · 3 letti 1 bagno , · 1 bagno | Host privato Host privato",3576 € in totale Mostra il dettaglio dei prezzi  3576 € in totale Cancellazione gratuita,No,Sì,https://www.airbnb.it/rooms/5188488,3576,357.6
Appartamento ⋅ Castello,Hideaway Biennale - Vista sulla laguna,"Hideaway Biennale - Vista sulla laguna | 1 letto matrimoniale 1 letto matrimoniale 1 bagno , · 1 bagno | Host professionista Host professionista",6082 € in totale Mostra il dettaglio dei prezzi  6082 € in totale Cancellazione gratuita,No,Sì,https://www.airbnb.it/rooms/17244840,6082,608.2
Appartamento ⋅ Castello,Bacino San Marco: vista esclusiva R&r,"Bacino San Marco: vista esclusiva R&r | 3 camere da letto 3 camere da letto 3 letti a 2 piazze , · 3 letti a 2 piazze 3,5 bagni (anche di servizio) , · 3,5 bagni (anche di servizio) | Host professionista Host professionista",12.328 € in totale Mostra il dettaglio dei prezzi  12.328 € in totale Cancellazione gratuita,No,Sì,https://www.airbnb.it/rooms/34014328,12328,1232.8
Appartamento ⋅ San Marco,San Marco 2 min Vaporetto | Silenzioso,"San Marco 2 min Vaporetto | Silenzioso | 2 camere da letto 2 camere da letto 3 letti , · 3 letti 1 bagno , · 1 bagno | Host privato Host privato",4621 € 4221 € in totale Mostra il dettaglio dei prezzi  Cancellazione gratuita,No,Sì,https://www.airbnb.it/rooms/1054283059928628507,4221,422.1
Appartamento ⋅ Castello,GuestHost - Appartamento Duplex Arsenale,"GuestHost - Appartamento Duplex Arsenale | 2 camere da letto 2 camere da letto 2 letti a 2 piazze , · 2 letti a 2 piazze 1,5 bagni (anche di servizio) , · 1,5 bagni (anche di servizio) | Host professionista Host professionista",4301 € in totale Mostra il dettaglio dei prezzi  4301 € in totale Cancellazione gratuita,No,Sì,https://www.airbnb.it/rooms/904929611448707983,4301,430.1
Appartamento ⋅ Castello,Vera Venezia Due,"Vera Venezia Due | 1 camera da letto 1 camera da letto 1 letto , · 1 letto 1 bagno , · 1 bagno | Host privato Host privato",4363 € in totale Mostra il dettaglio dei prezzi  4363 € in totale Cancellazione gratuita,No,Sì,https://www.airbnb.it/rooms/54364332,4363,436.3
Appartamento ⋅ Castello,Lion Palace Deluxe R&R,"Lion Palace Deluxe R&R | 1 camera da letto 1 camera da letto 1 letto a 2 piazze , · 1 letto a 2 piazze 2 bagni , · 2 bagni | Host professionista Host professionista",5409 € in totale Mostra il dettaglio dei prezzi  5409 € in totale Cancellazione gratuita,No,Sì,https://www.airbnb.it/rooms/49713213,5409,540.9
Appartamento ⋅ Castello,A 21 passi dalla Biennale di Venezia,"A 21 passi dalla Biennale di Venezia | 2 camere da letto 2 camere da letto 2 letti , · 2 letti 1 bagno , · 1 bagno | Host professionista Host professionista",7052 € in totale Mostra il dettaglio dei prezzi  7052 € in totale Cancellazione gratuita,No,Sì,https://www.airbnb.it/rooms/1478133895038051414,7052,705.2
Appartamento ⋅ Castello,"Appartamento luminoso, vista canale","Appartamento luminoso, vista canale | 2 camere da letto 2 camere da letto 1 bagno , · 1 bagno | Host professionista Host professionista",3501 € in totale Mostra il dettaglio dei prezzi  3501 € in totale Cancellazione gratuita,No,Sì,https://www.airbnb.it/rooms/50670240,3501,350.1
Alloggio (Castello),Autentica Casa Veneziana Ristrutturata a San Marco,"Autentica Casa Veneziana Ristrutturata a San Marco | 3 camere da letto 3 camere da letto 2 letti a 2 piazze , · 2 letti a 2 piazze 3 bagni , · 3 bagni | Host privato Host privato",5522 € in totale Mostra il dettaglio dei prezzi  5522 € in totale Cancellazione gratuita,No,Sì,https://www.airbnb.it/rooms/1689203202454795388,5522,552.2
Appartamento ⋅ Castello,Appartamento romantico veneziano vicino all'ingresso dell'Arsenale,"Appartamento romantico veneziano vicino all'ingresso dell'Arsenale | 1 camera da letto 1 camera da letto 3 letti , · 3 letti 1 bagno , · 1 bagno | Host privato Host privato",2077 € 1902 € in totale Mostra il dettaglio dei prezzi  Cancellazione gratuita,No,Sì,https://www.airbnb.it/rooms/1609702742836034754,1902,190.2
Castello: stanza,Appartamento Venice Rainbow Biennale 3,"Appartamento Venice Rainbow Biennale 3 | 1 letto 1 letto 1 bagno , · 1 bagno | Host privato Host privato",2320 € in totale Mostra il dettaglio dei prezzi  2320 € in totale Cancellazione gratuita,No,Sì,https://www.airbnb.it/rooms/1314364005004963547,2320,232.0
Appartamento ⋅ Castello,Ca' Degli Schiavoni - Canal Grande View Penthouse,"Ca' Degli Schiavoni - Canal Grande View Penthouse | 3 camere da letto 3 camere da letto 4 letti , · 4 letti 3 bagni , · 3 bagni | Host privato Host privato",10.790 € in totale Mostra il dettaglio dei prezzi  10.790 € in totale Cancellazione gratuita,No,Sì,https://www.airbnb.it/rooms/1577648500181316540,10790,1079.0
Appartamento ⋅ Castello,Loft Giardini Gold per l'inaugurazione della Biennale,"Loft Giardini Gold per l'inaugurazione della Biennale | 1 camera da letto 1 camera da letto 2 letti , · 2 letti 1 bagno , · 1 bagno | Host privato Host privato",2760 € 2521 € in totale Mostra il dettaglio dei prezzi  Cancellazione gratuita,No,Sì,https://www.airbnb.it/rooms/1676893608312814407,2521,252.1
Appartamento ⋅ San Marco,Ca Ducale Steno charme a 2 minuti da San Marco,"Ca Ducale Steno charme a 2 minuti da San Marco | 1 camera da letto 1 camera da letto 1 letto , · 1 letto 1 bagno , · 1 bagno | Host privato Host privato",3980 € in totale Mostra il dettaglio dei prezzi  3980 € in totale Cancellazione gratuita,No,Sì,https://www.airbnb.it/rooms/1503802846426640600,3980,398.0
Appartamento ⋅ Castello,doge's house,"doge's house | 2 camere da letto 2 camere da letto 2 letti , · 2 letti 2 bagni , · 2 bagni | Host professionista Host professionista",5689 € 4689 € in totale Mostra il dettaglio dei prezzi  Cancellazione gratuita,No,Sì,https://www.airbnb.it/rooms/1679749385307078283,4689,468.9
Appartamento ⋅ Castello,Ca delle Gorne,"Ca delle Gorne | 1 camera da letto 1 camera da letto 1 letto , · 1 letto 1 bagno , · 1 bagno | Host privato Host privato",4400 € in totale Mostra il dettaglio dei prezzi  4400 € in totale Cancellazione gratuita,No,Sì,https://www.airbnb.it/rooms/1632591955070724620,4400,440.0
Castello: stanza,Accogliente camera economy nel cuore di Venezia,"Accogliente camera economy nel cuore di Venezia | 1 letto matrimoniale 1 letto matrimoniale 1 bagno , · 1 bagno | Host professionista Host professionista",2651 € in totale Mostra il dettaglio dei prezzi  2651 € in totale Cancellazione gratuita,No,Sì,https://www.airbnb.it/rooms/23462657,2651,265.1
Appartamento ⋅ Castello,CANAL DREAM nel cuore di VENEZIA San Marco e Biennale,"CANAL DREAM nel cuore di VENEZIA San Marco e Biennale | 1 camera da letto 1 camera da letto 1 letto a 2 piazze , · 1 letto a 2 piazze 1 bagno , · 1 bagno | Host privato Host privato",7116 € in totale Mostra il dettaglio dei prezzi  7116 € in totale Cancellazione gratuita,No,Sì,https://www.airbnb.it/rooms/53748479,7116,711.6
Appartamento ⋅ Castello,Festa di Carnevale in un appartamento dell'Arsenale,"Festa di Carnevale in un appartamento dell'Arsenale | 2 letti 2 letti 1 bagno , · 1 bagno | Host privato Host privato",1513 € 1395 € in totale Mostra il dettaglio dei prezzi  Cancellazione gratuita,No,Sì,https://www.airbnb.it/rooms/1613209590992756872,1395,139.5
Alloggio (Castello),Esperienza in barca Hotel galleggiante,"Esperienza in barca Hotel galleggiante | 2 camere da letto 2 camere da letto 2 letti matrimoniali , · 2 letti matrimoniali 1 bagno , · 1 bagno | Host privato Host privato",2911 € 2659 € in totale Mostra il dettaglio dei prezzi  Cancellazione gratuita,No,Sì,https://www.airbnb.it/rooms/877337207890881386,2659,265.9
Appartamento ⋅ Castello,Piano Nobile con Vista Campo Bragora Lusso e Relax,"Piano Nobile con Vista Campo Bragora Lusso e Relax | 3 camere da letto 3 camere da letto 3 letti , · 3 letti 2 bagni , · 2 bagni | Host privato Host privato",8148 € in totale Mostra il dettaglio dei prezzi  8148 € in totale Cancellazione gratuita,No,Sì,https://www.airbnb.it/rooms/53229917,8148,814.8
Appartamento ⋅ Castello,Terrazza Acquamarina (centro storico),"Terrazza Acquamarina (centro storico) | 1 camera da letto 1 camera da letto 2 letti , · 2 letti 1 bagno , · 1 bagno | Host professionista Host professionista",5864 € in totale Mostra il dettaglio dei prezzi  5864 € in totale Cancellazione gratuita,No,Sì,https://www.airbnb.it/rooms/777989638097946158,5864,586.4
Appartamento ⋅ Castello,TERRACE 3BDR 2BATH TOP loc S.Marc/Biennale,"TERRACE 3BDR 2BATH TOP loc S.Marc/Biennale | 3 camere da letto 3 camere da letto 4 letti , · 4 letti 2 bagni , · 2 bagni | Host professionista Host professionista",7095 € in totale Mostra il dettaglio dei prezzi  7095 € in totale Cancellazione gratuita,No,Sì,https://www.airbnb.it/rooms/49360706,7095,709.5
Castello: stanza,Ca' Leone - Venezia Ampia stanza con bagno privato,"Ca' Leone - Venezia Ampia stanza con bagno privato | 2 letti 2 letti 1 bagno , · 1 bagno | Host professionista Host professionista",4790 € 4320 € in totale Mostra il dettaglio dei prezzi  Cancellazione gratuita,No,Sì,https://www.airbnb.it/rooms/1178349577327642567,4320,432.0
Appartamento ⋅ Castello,Rilassati su una terrazza con vista sul canale!,"Rilassati su una terrazza con vista sul canale! | 2 camere da letto 2 camere da letto 3 letti , · 3 letti 1 bagno , · 1 bagno | Host professionista Host professionista",7010 € 6309 € in totale Mostra il dettaglio dei prezzi  Cancellazione gratuita,No,Sì,https://www.airbnb.it/rooms/3169118,6309,630.9
Appartamento ⋅ Castello,"*Perfetta casa per la Biennale con terrazza, 5 CAMERE DA LETTO, 2,5 BAGNI.","*Perfetta casa per la Biennale con terrazza, 5 CAMERE DA LETTO, 2,5 BAGNI. | 5 camere da letto 5 camere da letto 8 letti , · 8 letti 2,5 bagni (anche di servizio) , · 2,5 bagni (anche di servizio) | Host professionista Host professionista",10.150 € in totale Mostra il dettaglio dei prezzi  10.150 € in totale Cancellazione gratuita,No,Sì,https://www.airbnb.it/rooms/51757849,10150,1015.0
Appartamento ⋅ Lido di Venezia,"OASIS-Blue Lagoon Apt, 5 pax, vista laguna.","OASIS-Blue Lagoon Apt, 5 pax, vista laguna. | 3 camere da letto 3 camere da letto 5 letti , · 5 letti 1,5 bagni (anche di servizio) , · 1,5 bagni (anche di servizio) | Host privato Host privato",15.240 € in totale Mostra il dettaglio dei prezzi  15.240 € in totale,No,No,https://www.airbnb.it/rooms/7681285,15240,1524.0
Appartamento ⋅ Venezia,"*Perfetta casa per la Biennale con terrazza, 5 CAMERE DA LETTO, 2,5 BAGNI.","*Perfetta casa per la Biennale con terrazza, 5 CAMERE DA LETTO, 2,5 BAGNI. | 5 camere da letto 5 camere da letto 8 letti , · 8 letti 2,5 bagni (anche di servizio) , · 2,5 bagni (anche di servizio) | Host professionista Host professionista",10.150 € in totale Mostra il dettaglio dei prezzi  10.150 € in totale Cancellazione gratuita,No,Sì,https://www.airbnb.it/rooms/51757849,10150,1015.0
Appartamento ⋅ Venezia,Appartamento Giardini Venezia Biennale,"Appartamento Giardini Venezia Biennale | 1 camera da letto 1 camera da letto 2 letti singoli , · 2 letti singoli 1 bagno , · 1 bagno | Host privato Host privato",5627 € in totale Mostra il dettaglio dei prezzi  5627 € in totale Cancellazione gratuita,No,Sì,https://www.airbnb.it/rooms/23122806,5627,562.7
Appartamento ⋅ Venezia,Casa Matilde a 2 passi dalla Biennale,"Casa Matilde a 2 passi dalla Biennale | 1 camera da letto 1 camera da letto 1 letto , · 1 letto 1 bagno , · 1 bagno | Host privato Host privato",4611 € in totale Mostra il dettaglio dei prezzi  4611 € in totale Cancellazione gratuita,No,Sì,https://www.airbnb.it/rooms/1133406627410715320,4611,461.1
Appartamento ⋅ Venezia,*Terrazza 2BAGNI 3CAMERE POSIZIONE TOP S.Marc&Biennale/url/1/,"*Terrazza 2BAGNI 3CAMERE POSIZIONE TOP S.Marc&Biennale/url/1/ | 3 camere da letto 3 camere da letto 4 letti , · 4 letti 2 bagni , · 2 bagni | Host professionista Host professionista",7095 € in totale Mostra il dettaglio dei prezzi  7095 € in totale Cancellazione gratuita,No,Sì,https://www.airbnb.it/rooms/698435356902430959,7095,709.5
Appartamento ⋅ Venezia,"Ca' de le Ole, 3 camere, zona Giardini Biennale","Ca' de le Ole, 3 camere, zona Giardini Biennale | 3 camere da letto 3 camere da letto 4 letti , · 4 letti 1 bagno , · 1 bagno | Host professionista Host professionista",5646 € in totale Mostra il dettaglio dei prezzi  5646 € in totale Cancellazione gratuita,No,Sì,https://www.airbnb.it/rooms/44567393,5646,564.6
Appartamento ⋅ Venezia,"Cà Gemma Elegant Venice, a 8 minuti da San Marco","Cà Gemma Elegant Venice, a 8 minuti da San Marco | 3 camere da letto 3 camere da letto 4 letti , · 4 letti 2 bagni , · 2 bagni | Host privato Host privato",6266 € in totale Mostra il dettaglio dei prezzi  6266 € in totale Cancellazione gratuita,No,Sì,https://www.airbnb.it/rooms/1104799871389380111,6266,626.6
Appartamento ⋅ Venezia,GuestHost - Castello Appartamento vista sul Canale,"GuestHost - Castello Appartamento vista sul Canale | 2 camere da letto 2 camere da letto 3 letti , · 3 letti 2 bagni , · 2 bagni | Host professionista Host professionista",5602 € 4756 € in totale Mostra il dettaglio dei prezzi  Cancellazione gratuita,No,Sì,https://www.airbnb.it/rooms/52643828,4756,475.6
Appartamento ⋅ Venezia,Appartamento a Venezia per 7 persone con aria condizionata e wifi,"Appartamento a Venezia per 7 persone con aria condizionata e wifi | 2 camere da letto 2 camere da letto 5 letti , · 5 letti 1 bagno , · 1 bagno | Host professionista Host professionista",4524 € in totale Mostra il dettaglio dei prezzi  4524 € in totale,No,No,https://www.airbnb.it/rooms/1096925077199733564,4524,452.4
Casa ⋅ Venezia,Ver@ Venezi@ intero blocchetto,"Ver@ Venezi@ intero blocchetto | 3 camere da letto 3 camere da letto 3 letti , · 3 letti 3 bagni , · 3 bagni | Host privato Host privato",11.890 € in totale Mostra il dettaglio dei prezzi  11.890 € in totale Cancellazione gratuita,No,Sì,https://www.airbnb.it/rooms/1262434343445735320,11890,1189.0
Appartamento ⋅ Venezia,Ca' Navagero 2-Riva degli Schiavoni,"Ca' Navagero 2-Riva degli Schiavoni | 3 camere da letto 3 camere da letto 5 letti , · 5 letti 3 bagni , · 3 bagni | Host professionista Host professionista",9115 € 8335 € in totale Mostra il dettaglio dei prezzi  Cancellazione gratuita,No,Sì,https://www.airbnb.it/rooms/9748627,8335,833.5
Appartamento ⋅ Venezia,Bellissimo appartamento nel centro di Venezia,"Bellissimo appartamento nel centro di Venezia | 1 camera da letto 1 camera da letto 1 letto , · 1 letto 1 bagno , · 1 bagno | Host privato Host privato",3323 € 3038 € in totale Mostra il dettaglio dei prezzi  Cancellazione gratuita,No,Sì,https://www.airbnb.it/rooms/1434632165575747065,3038,303.8
Appartamento ⋅ Venezia,L'altana,"L'altana | 1 camera da letto 1 camera da letto 1 letto matrimoniale grande , · 1 letto matrimoniale grande 1 bagno , · 1 bagno | Host professionista Host professionista",7110 € 5706 € in totale Mostra il dettaglio dei prezzi  ,No,No,https://www.airbnb.it/rooms/549227960028006295,5706,570.6
Casa ⋅ Venezia,Residenza D' Artista a 5 minuti da San Marco,"Residenza D' Artista a 5 minuti da San Marco | 2 camere da letto 2 camere da letto 2 letti , · 2 letti 1 bagno , · 1 bagno | Host privato Host privato",9744 € 8054 € in totale Mostra il dettaglio dei prezzi  Cancellazione gratuita,No,Sì,https://www.airbnb.it/rooms/1268035283137815749,8054,805.4
Appartamento ⋅ Venezia,Suite La Celestia,"Suite La Celestia | 2 letti 2 letti 1 bagno , · 1 bagno | Host privato Host privato",3696 € in totale Mostra il dettaglio dei prezzi  3696 € in totale Cancellazione gratuita,No,Sì,https://www.airbnb.it/rooms/50499684,3696,369.6
Casa vacanze ⋅ Venezia,Studio-Flat appartamento in Venice,"Studio-Flat appartamento in Venice | 1 camera da letto 1 camera da letto 1 letto , · 1 letto 1 bagno , · 1 bagno | Host privato Host privato",2935 € 2686 € in totale Mostra il dettaglio dei prezzi  Cancellazione gratuita,No,Sì,https://www.airbnb.it/rooms/311472,2686,268.6
Appartamento ⋅ Venezia,"Gorne, splendida casa, 2 stanze, 900mt da S. Marco","Gorne, splendida casa, 2 stanze, 900mt da S. Marco | 2 camere da letto 2 camere da letto 2 letti matrimoniali , · 2 letti matrimoniali 1 bagno , · 1 bagno | Host professionista Host professionista",4969 € in totale Mostra il dettaglio dei prezzi  4969 € in totale Cancellazione gratuita,No,Sì,https://www.airbnb.it/rooms/44549803,4969,496.9
Appartamento ⋅ Venezia,"Grazioso appartamento a San Marco, Venezia","Grazioso appartamento a San Marco, Venezia | 3 camere da letto 3 camere da letto 5 letti , · 5 letti 2 bagni , · 2 bagni | Host privato Host privato",3338 € 3049 € in totale Mostra il dettaglio dei prezzi  Cancellazione gratuita,No,Sì,https://www.airbnb.it/rooms/1654584655126514678,3049,304.9
Appartamento ⋅ Castello,Appartamento Laura (vicino alla Biennale Arsenale),"Appartamento Laura (vicino alla Biennale Arsenale) | 1 camera da letto 1 camera da letto 2 letti , · 2 letti 1 bagno , · 1 bagno | Host professionista Host professionista",5084 € in totale Mostra il dettaglio dei prezzi  5084 € in totale Cancellazione gratuita,No,Sì,https://www.airbnb.it/rooms/22760897,5084,508.4
Casa ⋅ Castello,"Il meglio a Venezia, San Marco/Biennale, con terrazza","Il meglio a Venezia, San Marco/Biennale, con terrazza | 5 camere da letto 5 camere da letto 8 letti , · 8 letti 2,5 bagni (anche di servizio) , · 2,5 bagni (anche di servizio) | Host professionista Host professionista",20.150 € in totale Mostra il dettaglio dei prezzi  20.150 € in totale Cancellazione gratuita,No,Sì,https://www.airbnb.it/rooms/50078067,20150,2015.0
Appartamento ⋅ Castello,Biennale d'arte di Garden Flat,"Biennale d'arte di Garden Flat | 1 camera da letto 1 camera da letto 2 letti , · 2 letti 1 bagno , · 1 bagno | Host privato Host privato",3271 € 2704 € in totale Mostra il dettaglio dei prezzi  Cancellazione gratuita,No,Sì,https://www.airbnb.it/rooms/1634780682419167311,2704,270.4
Appartamento ⋅ Castello,"Ca' S.Pietro, 2 camere nel cuore di Venezia","Ca' S.Pietro, 2 camere nel cuore di Venezia | 2 camere da letto 2 camere da letto 5 letti singoli , · 5 letti singoli 1 bagno , · 1 bagno | Host professionista Host professionista",4739 € in totale Mostra il dettaglio dei prezzi  4739 € in totale Cancellazione gratuita,No,Sì,https://www.airbnb.it/rooms/5402038,4739,473.9
Appartamento ⋅ Castello,Appartamento Casanova Carnevale centro Venezia,"Appartamento Casanova Carnevale centro Venezia | 1 camera da letto 1 camera da letto 3 letti , · 3 letti 1 bagno , · 1 bagno | Host privato Host privato",2180 € 2003 € in totale Mostra il dettaglio dei prezzi  Cancellazione gratuita,No,Sì,https://www.airbnb.it/rooms/1613066547037164291,2003,200.3
Appartamento ⋅ Castello,Appartamento Casanova all'Arsenale di Venezia,"Appartamento Casanova all'Arsenale di Venezia | 2 camere da letto 2 camere da letto 4 letti , · 4 letti 2 bagni , · 2 bagni | Host privato Host privato",4355 € 3983 € in totale Mostra il dettaglio dei prezzi  Cancellazione gratuita,No,Sì,https://www.airbnb.it/rooms/1535409734865229753,3983,398.3
Appartamento ⋅ Castello,Biennale Arte visive Flat Central,"Biennale Arte visive Flat Central | 1 camera da letto 1 camera da letto 5 letti , · 5 letti 1 bagno , · 1 bagno | Host privato Host privato",3226 € 2951 € in totale Mostra il dettaglio dei prezzi  Cancellazione gratuita,No,Sì,https://www.airbnb.it/rooms/1670226190039919636,2951,295.1
Boutique hotel ⋅ Castello,Camera XVIII - Dimora D'Epoca Trevisan,"Camera XVIII - Dimora D'Epoca Trevisan | 1 camera da letto 1 camera da letto 1 letto , · 1 letto 1 bagno , · 1 bagno | Host professionista Host professionista",5790 € 4642 € in totale Mostra il dettaglio dei prezzi  Cancellazione gratuita,No,Sì,https://www.airbnb.it/rooms/1615235536557294125,4642,464.2
Appartamento ⋅ Castello,Appartamento veneziano super romantico,"Appartamento veneziano super romantico | 1 camera da letto 1 camera da letto 1 letto , · 1 letto 1 bagno , · 1 bagno | Host privato Host privato",3276 € 2996 € in totale Mostra il dettaglio dei prezzi  Cancellazione gratuita,No,Sì,https://www.airbnb.it/rooms/1634789386010924342,2996,299.6
Appartamento ⋅ Castello,Moderno appartamento con terrazza in posizione centrale,"Moderno appartamento con terrazza in posizione centrale | 1 camera da letto 1 camera da letto 2 letti , · 2 letti 1 bagno , · 1 bagno | Host privato Host privato",4476 € 3716 € in totale Mostra il dettaglio dei prezzi  Cancellazione gratuita,No,Sì,https://www.airbnb.it/rooms/1657359309303952633,3716,371.6
Appartamento ⋅ Castello,Appartamento magico Giardini Casanova,"Appartamento magico Giardini Casanova | 1 camera da letto 1 camera da letto 1 letto , · 1 letto 1 bagno , · 1 bagno | Host privato Host privato",3591 € 3284 € in totale Mostra il dettaglio dei prezzi  Cancellazione gratuita,No,Sì,https://www.airbnb.it/rooms/1434972861498189112,3284,328.4
Appartamento ⋅ Castello,Arsenale Biennale Appartamento Venezia centro,"Arsenale Biennale Appartamento Venezia centro | 1 camera da letto 1 camera da letto 2 letti , · 2 letti 1 bagno , · 1 bagno | Host privato Host privato",3622 € 3313 € in totale Mostra il dettaglio dei prezzi  Cancellazione gratuita,No,Sì,https://www.airbnb.it/rooms/1665278779773117036,3313,331.3
Appartamento ⋅ Castello,Nuovo appartamento centrale Arsenale,"Nuovo appartamento centrale Arsenale | 2 letti 2 letti 1 bagno , · 1 bagno | Host privato Host privato",3373 € 3081 € in totale Mostra il dettaglio dei prezzi  Cancellazione gratuita,No,Sì,https://www.airbnb.it/rooms/1613675323075489263,3081,308.1
Appartamento ⋅ Castello,Palace Inn – Appartamento super lussuoso,"Palace Inn – Appartamento super lussuoso | 1 camera da letto 1 camera da letto 4 letti , · 4 letti 1 bagno , · 1 bagno | Host privato Host privato",3432 € 2839 € in totale Mostra il dettaglio dei prezzi  Cancellazione gratuita,No,Sì,https://www.airbnb.it/rooms/1667505864578579361,2839,283.9
Appartamento ⋅ Castello,Appartamento con terrazza e vista sul giardino in posizione centrale a San Marco,"Appartamento con terrazza e vista sul giardino in posizione centrale a San Marco | 1 camera da letto 1 camera da letto 4 letti , · 4 letti 1 bagno , · 1 bagno | Host privato Host privato",3287 € 3007 € in totale Mostra il dettaglio dei prezzi  Cancellazione gratuita,No,Sì,https://www.airbnb.it/rooms/1668985392785079777,3007,300.7
Appartamento ⋅ Castello,Art Flat Magic Palace a Venezia,"Art Flat Magic Palace a Venezia | 1 camera da letto 1 camera da letto 4 letti , · 4 letti 1 bagno , · 1 bagno | Host privato Host privato",4102 € 3752 € in totale Mostra il dettaglio dei prezzi  Cancellazione gratuita,No,Sì,https://www.airbnb.it/rooms/1666032584467209303,3752,375.2
Appartamento ⋅ Castello,Sissi Suite,"Sissi Suite | 1 camera da letto 1 camera da letto 1 letto , · 1 letto 1 bagno , · 1 bagno | Host professionista Host professionista",4721 € in totale Mostra il dettaglio dei prezzi  4721 € in totale Cancellazione gratuita,No,Sì,https://www.airbnb.it/rooms/6782983,4721,472.1
Appartamento ⋅ Castello,Appartamento di lusso a Venezia Centro,"Appartamento di lusso a Venezia Centro | 1 camera da letto 1 camera da letto 1 letto , · 1 letto 1 bagno , · 1 bagno | Host privato Host privato",3313 € 2741 € in totale Mostra il dettaglio dei prezzi  Cancellazione gratuita,No,Sì,https://www.airbnb.it/rooms/1533411709831125611,2741,274.1
Appartamento ⋅ Castello,"Palace Inn – Appartamento all'Arsenale, vicino alla Biennale","Palace Inn – Appartamento all'Arsenale, vicino alla Biennale | 1 camera da letto 1 camera da letto 4 letti , · 4 letti 1 bagno , · 1 bagno | Host privato Host privato",3369 € 3080 € in totale Mostra il dettaglio dei prezzi  Cancellazione gratuita,No,Sì,https://www.airbnb.it/rooms/1667498617864239556,3080,308.0
Alloggio (Castello),Porta da Mar - Piccola camera matrimoniale,"Porta da Mar - Piccola camera matrimoniale | 1 camera da letto 1 camera da letto 1 letto , · 1 letto 1 bagno , · 1 bagno | Host privato Host privato",4843 € 3883 € in totale Mostra il dettaglio dei prezzi  Cancellazione gratuita,No,Sì,https://www.airbnb.it/rooms/1630538086673461402,3883,388.3
Camera d'hotel ⋅ Castello,lussuoso appartamento 4 persone Piazza San Marco,"lussuoso appartamento 4 persone Piazza San Marco | 2 camere da letto 2 camere da letto 3 letti , · 3 letti 1 bagno , · 1 bagno | Host professionista Host professionista",6490 € 5841 € in totale Mostra il dettaglio dei prezzi  Cancellazione gratuita,No,Sì,https://www.airbnb.it/rooms/15800362,5841,584.1
Castello: stanza,Quarto do Filipe - Stanza doppia 5min da S.Marco -,"Quarto do Filipe - Stanza doppia 5min da S.Marco - | 1 letto matrimoniale 1 letto matrimoniale 1 bagno , · 1 bagno | Host privato Host privato",11.206 € 8206 € in totale Mostra il dettaglio dei prezzi  Cancellazione gratuita,No,Sì,https://www.airbnb.it/rooms/14291099,8206,820.6
Appartamento ⋅ Castello,Lion Palace con vista sul canale,"Lion Palace con vista sul canale | 1 camera da letto 1 camera da letto 1 letto a 2 piazze , · 1 letto a 2 piazze 1,5 bagni (anche di servizio) , · 1,5 bagni (anche di servizio) | Host professionista Host professionista",5597 € in totale Mostra il dettaglio dei prezzi  5597 € in totale Cancellazione gratuita,No,Sì,https://www.airbnb.it/rooms/49646809,5597,559.7
Camera d'hotel ⋅ Castello,Appartamento di lusso per 4 persone in Piazza San Marco,"Appartamento di lusso per 4 persone in Piazza San Marco | 3 camere da letto 3 camere da letto 3 letti , · 3 letti 1,5 bagni (anche di servizio) , · 1,5 bagni (anche di servizio) | Host professionista Host professionista",8260 € 7434 € in totale Mostra il dettaglio dei prezzi  Cancellazione gratuita,No,Sì,https://www.airbnb.it/rooms/15812750,7434,743.4
Appartamento ⋅ Castello,Ca' Navagero Riva - Piano nobile,"Ca' Navagero Riva - Piano nobile | 4 camere da letto 4 camere da letto 4 letti , · 4 letti 4 bagni , · 4 bagni | Host professionista Host professionista",25.930 € in totale Mostra il dettaglio dei prezzi  25.930 € in totale Cancellazione gratuita,No,Sì,https://www.airbnb.it/rooms/841909187216059653,25930,2593.0
Alloggio (Castello),"Camere bagno condiviso, 3 persone, Venezia centro","Camere bagno condiviso, 3 persone, Venezia centro | 1 camera da letto 1 camera da letto 3 letti singoli , · 3 letti singoli 1 bagno , · 1 bagno | Host professionista Host professionista",2914 € in totale Mostra il dettaglio dei prezzi  2914 € in totale Cancellazione gratuita,No,Sì,https://www.airbnb.it/rooms/314923,2914,291.4
Castello: stanza,"Camere bagno condiviso, 2 persone, Venezia centro","Camere bagno condiviso, 2 persone, Venezia centro | 1 letto matrimoniale 1 letto matrimoniale 1 bagno , · 1 bagno | Host professionista Host professionista",2717 € in totale Mostra il dettaglio dei prezzi  2717 € in totale Cancellazione gratuita,No,Sì,https://www.airbnb.it/rooms/44571378,2717,271.7
Appartamento ⋅ Castello,Ca' Fontana,"Ca' Fontana | 1 camera da letto 1 camera da letto 1 letto a 2 piazze , · 1 letto a 2 piazze 1 bagno , · 1 bagno | Host professionista Host professionista",6121 € in totale Mostra il dettaglio dei prezzi  6121 € in totale Cancellazione gratuita,No,Sì,https://www.airbnb.it/rooms/43722291,6121,612.1
Alloggio (Castello),Porta da Mar - Camera matrimoniale o doppia,"Porta da Mar - Camera matrimoniale o doppia | 1 camera da letto 1 camera da letto 1 letto , · 1 letto 1 bagno , · 1 bagno | Host privato Host privato",5615 € 5058 € in totale Mostra il dettaglio dei prezzi  Cancellazione gratuita,No,Sì,https://www.airbnb.it/rooms/1256294037813987218,5058,505.8
Appartamento ⋅ Castello,Appartamento R&R con vista sul canale di Santa Giustina,"Appartamento R&R con vista sul canale di Santa Giustina | 2 camere da letto 2 camere da letto 3 letti , · 3 letti 2 bagni , · 2 bagni | Host professionista Host professionista",8152 € in totale Mostra il dettaglio dei prezzi  8152 € in totale Cancellazione gratuita,No,Sì,https://www.airbnb.it/rooms/1049918743056228216,8152,815.2
Boutique hotel ⋅ Castello,Camera XVII - Dimora D'Epoca Trevisan,"Camera XVII - Dimora D'Epoca Trevisan | 1 camera da letto 1 camera da letto 1 letto , · 1 letto 2 bagni , · 2 bagni | Host professionista Host professionista",5910 € 4738 € in totale Mostra il dettaglio dei prezzi  Cancellazione gratuita,No,Sì,https://www.airbnb.it/rooms/1614664451826256106,4738,473.8
Appartamento ⋅ Castello,Elegante Dimora Nel Fascino Autentico Di Castello,"Elegante Dimora Nel Fascino Autentico Di Castello | 4 camere da letto 4 camere da letto 4 letti , · 4 letti 4 bagni , · 4 bagni | Host professionista Host professionista",20.022 € in totale Mostra il dettaglio dei prezzi  20.022 € in totale Cancellazione gratuita,No,Sì,https://www.airbnb.it/rooms/1674497605192300556,20022,2002.2
Appartamento ⋅ Castello,Nuovo appartamento di lusso Arsenale Biennale,"Nuovo appartamento di lusso Arsenale Biennale | 2 camere da letto 2 camere da letto 5 letti , · 5 letti 2 bagni , · 2 bagni | Host privato Host privato",4875 € 4029 € in totale Mostra il dettaglio dei prezzi  Cancellazione gratuita,No,Sì,https://www.airbnb.it/rooms/1604302793116361128,4029,402.9
Appartamento ⋅ Castello,Sogno sull'acqua,"Sogno sull'acqua | 3 camere da letto 3 camere da letto 3 letti a 2 piazze , · 3 letti a 2 piazze 3 bagni , · 3 bagni | Host professionista Host professionista",11.975 € in totale Mostra il dettaglio dei prezzi  11.975 € in totale Cancellazione gratuita,No,Sì,https://www.airbnb.it/rooms/53058369,11975,1197.5
Alloggio (Castello),in barca al prezzo di una casa,"in barca al prezzo di una casa | 3 camere da letto 3 camere da letto 3 letti a 2 piazze , · 3 letti a 2 piazze 1,5 bagni (anche di servizio) , · 1,5 bagni (anche di servizio) | Host professionista Host professionista",6977 € 5864 € in totale Mostra il dettaglio dei prezzi  Cancellazione gratuita,No,Sì,https://www.airbnb.it/rooms/53716520,5864,586.4
Alloggio (Castello),Incantevole camera rosa centralissima,"Incantevole camera rosa centralissima | 1 camera da letto 1 camera da letto 2 letti , · 2 letti 2 bagni , · 2 bagni | Host professionista Host professionista",5274 € 4553 € in totale Mostra il dettaglio dei prezzi  Cancellazione gratuita,No,Sì,https://www.airbnb.it/rooms/1678906956560557251,4553,455.3
Appartamento ⋅ Castello,Brunelleschi,"Brunelleschi | 3 camere da letto 3 camere da letto 3 letti matrimoniali grandi , · 3 letti matrimoniali grandi 3 bagni , · 3 bagni | Host professionista Host professionista",18.000 € 15.300 € in totale Mostra il dettaglio dei prezzi  ,No,No,https://www.airbnb.it/rooms/1568038261457564615,15300,1530.0
Appartamento ⋅ Castello,Corte dei Greci,"Corte dei Greci | 2 camere da letto 2 camere da letto 2 letti matrimoniali , · 2 letti matrimoniali 2 bagni , · 2 bagni | Host professionista Host professionista",9566 € in totale Mostra il dettaglio dei prezzi  9566 € in totale Cancellazione gratuita,No,Sì,https://www.airbnb.it/rooms/1520852133657909788,9566,956.6
Appartamento ⋅ Castello,Biennale d'arte dell'appartamento veneziano,"Biennale d'arte dell'appartamento veneziano | 2 letti 2 letti 1 bagno , · 1 bagno | Host privato Host privato",3119 € 2849 € in totale Mostra il dettaglio dei prezzi  Cancellazione gratuita,No,Sì,https://www.airbnb.it/rooms/1614013707813853370,2849,284.9
Appartamento ⋅ Castello,Vera Venezia Uno e Due,"Vera Venezia Uno e Due | 2 camere da letto 2 camere da letto 2 letti , · 2 letti 2 bagni , · 2 bagni | Host privato Host privato",9761 € in totale Mostra il dettaglio dei prezzi  9761 € in totale Cancellazione gratuita,No,Sì,https://www.airbnb.it/rooms/566661455410636978,9761,976.1
Casa galleggiante ⋅ San Marco,Casa galleggiante a Venezia fino a 6 persone,"Casa galleggiante a Venezia fino a 6 persone | 3 camere da letto 3 camere da letto 4 letti , · 4 letti 3 bagni , · 3 bagni | Host professionista Host professionista",5810 € in totale Mostra il dettaglio dei prezzi  5810 € in totale Cancellazione gratuita,No,Sì,https://www.airbnb.it/rooms/1259330569663834828,5810,581.0
Appartamento ⋅ Castello,Appartamento romantico nel centro di Venezia,"Appartamento romantico nel centro di Venezia | 1 camera da letto 1 camera da letto 1 letto , · 1 letto 1 bagno , · 1 bagno | Host privato Host privato",4365 € 3605 € in totale Mostra il dettaglio dei prezzi  Cancellazione gratuita,No,Sì,https://www.airbnb.it/rooms/1537066270582766684,3605,360.5
Appartamento ⋅ Castello,Appartamento romantico super centrale Do pozzi,"Appartamento romantico super centrale Do pozzi | 1 camera da letto 1 camera da letto 3 letti , · 3 letti 1 bagno , · 1 bagno | Host privato Host privato",2837 € 2361 € in totale Mostra il dettaglio dei prezzi  Cancellazione gratuita,No,Sì,https://www.airbnb.it/rooms/1613082004485155883,2361,236.1
Appartamento ⋅ Castello,tra la Biennale e Piazza San Marco,"tra la Biennale e Piazza San Marco | 2 camere da letto 2 camere da letto 2 letti , · 2 letti 2 bagni , · 2 bagni | Host privato Host privato",10.070 € in totale Mostra il dettaglio dei prezzi  10.070 € in totale Cancellazione gratuita,No,Sì,https://www.airbnb.it/rooms/4929237,10070,1007.0
Appartamento ⋅ Castello,Appartamento Casanova nel centro di Venezia,"Appartamento Casanova nel centro di Venezia | 2 camere da letto 2 camere da letto 4 letti , · 4 letti 2 bagni , · 2 bagni | Host privato Host privato",4220 € 3491 € in totale Mostra il dettaglio dei prezzi  Cancellazione gratuita,No,Sì,https://www.airbnb.it/rooms/1609698362298973427,3491,349.1
Boutique hotel ⋅ Castello,"Dimora D'Epoca Malipiero, Stanza bembo","Dimora D'Epoca Malipiero, Stanza bembo | 1 camera da letto 1 camera da letto 1 letto , · 1 letto 1 bagno , · 1 bagno | Host professionista Host professionista",9320 € 7466 € in totale Mostra il dettaglio dei prezzi  Cancellazione gratuita,No,Sì,https://www.airbnb.it/rooms/1612229054422916897,7466,746.6
Boutique hotel ⋅ Castello,"Dimora D'Epoca Malipiero, Stanza diedo","Dimora D'Epoca Malipiero, Stanza diedo | 1 camera da letto 1 camera da letto 1 letto , · 1 letto 1 bagno , · 1 bagno | Host professionista Host professionista",10.490 € 8404 € in totale Mostra il dettaglio dei prezzi  Cancellazione gratuita,No,Sì,https://www.airbnb.it/rooms/1604599376938215047,8404,840.4
Boutique hotel ⋅ Castello,"Dimora D'Epoca Malipiero, Stanza zen","Dimora D'Epoca Malipiero, Stanza zen | 1 camera da letto 1 camera da letto 2 letti , · 2 letti 1 bagno , · 1 bagno | Host professionista Host professionista",11.650 € 9332 € in totale Mostra il dettaglio dei prezzi  Cancellazione gratuita,No,Sì,https://www.airbnb.it/rooms/1603891804098735846,9332,933.2
Boutique hotel ⋅ Castello,"Dimora D'Epoca Malipiero, Stanza trevisan","Dimora D'Epoca Malipiero, Stanza trevisan | 1 camera da letto 1 camera da letto 1 letto , · 1 letto 1 bagno , · 1 bagno | Host professionista Host professionista",10.490 € 8404 € in totale Mostra il dettaglio dei prezzi  Cancellazione gratuita,No,Sì,https://www.airbnb.it/rooms/1603917154469410483,8404,840.4
Appartamento ⋅ Castello,Casanova Giardini biennale,"Casanova Giardini biennale | 1 camera da letto 1 camera da letto 3 letti , · 3 letti 1 bagno , · 1 bagno | Host privato Host privato",3576 € 3269 € in totale Mostra il dettaglio dei prezzi  Cancellazione gratuita,No,Sì,https://www.airbnb.it/rooms/1528474798662315831,3269,326.9
Appartamento ⋅ Castello,Perfetto per visitare Venezia - Nido San Marco,"Perfetto per visitare Venezia - Nido San Marco | 1 camera da letto 1 camera da letto 2 letti , · 2 letti 1 bagno , · 1 bagno | Host privato Host privato",4962 € 4539 € in totale Mostra il dettaglio dei prezzi  Cancellazione gratuita,No,Sì,https://www.airbnb.it/rooms/1640671049347253133,4539,453.9
