Tipologia_Luogo,Nome_Descrizione,Dettagli_Struttura,Prezzo_Totale,Paga_Zero_Oggi,Cancellazione_Gratuita,URL_Annuncio
Appartamento ⋅ Venezia,3 Minuti da piazza San Marco con Terrazza A/C WiFi,"3 Minuti da piazza San Marco con Terrazza A/C WiFi | 1 camera da letto
1 camera da letto
2 letti
,
 · 2 letti
1 bagno
,
 · 1 bagno | Host privato
Host privato",2931 € in totale Mostra il dettaglio dei prezzi  2931 € in totale Cancellazione gratuita,No,Sì,https://www.airbnb.it/rooms/1084621239372555264
Appartamento ⋅ Venezia,Appartamento vicino al Teatro Biennale di Ca-Sa Check,"Appartamento vicino al Teatro Biennale di Ca-Sa Check | 1 camera da letto
1 camera da letto
2 letti
,
 · 2 letti
1 bagno
,
 · 1 bagno | Host privato
Host privato",2252 € in totale Mostra il dettaglio dei prezzi  2252 € in totale Cancellazione gratuita,No,Sì,https://www.airbnb.it/rooms/1214408000128237176
Appartamento ⋅ Venezia,Ca' Nova Loft @ San Marco,"Ca' Nova Loft @ San Marco | 1 camera da letto
1 camera da letto
1 letto a 2 piazze
,
 · 1 letto a 2 piazze
1 bagno
,
 · 1 bagno | Host professionista
Host professionista",2529 € in totale Mostra il dettaglio dei prezzi  2529 € in totale Cancellazione gratuita,No,Sì,https://www.airbnb.it/rooms/632583363073735214
Appartamento ⋅ Lido di Venezia,"Venezia e Mare, Lido di Venezia","Venezia e Mare, Lido di Venezia | 2 camere da letto
2 camere da letto
2 letti
,
 · 2 letti
2 bagni
,
 · 2 bagni | Host privato
Host privato",8980 € in totale Mostra il dettaglio dei prezzi  8980 € in totale Cancellazione gratuita,No,Sì,https://www.airbnb.it/rooms/1602054115552664464
Alloggio (Venezia),Camera blu Ca' Vecchio Forno,"Camera blu Ca' Vecchio Forno | 1 camera da letto
1 camera da letto
1 letto a 2 piazze
,
 · 1 letto a 2 piazze
1 bagno
,
 · 1 bagno | Host privato
Host privato",1987 € in totale Mostra il dettaglio dei prezzi  1987 € in totale Cancellazione gratuita,No,Sì,https://www.airbnb.it/rooms/52416887
Appartamento ⋅ Venezia,Ca' Emma alla Biennale - your home in Venice,"Ca' Emma alla Biennale - your home in Venice | 1 camera da letto
1 camera da letto
2 letti
,
 · 2 letti
1 bagno
,
 · 1 bagno | Host privato
Host privato",3375 € in totale Mostra il dettaglio dei prezzi  3375 € in totale Cancellazione gratuita,No,Sì,https://www.airbnb.it/rooms/53670356
Appartamento ⋅ Lido di Venezia,Casa incantevole al Lido Venice Beach,"Casa incantevole al Lido Venice Beach | 1 camera da letto
1 camera da letto
1 letto a 2 piazze
,
 · 1 letto a 2 piazze
1 bagno
,
 · 1 bagno | Host professionista
Host professionista",13.620 € 12.270 € in totale Mostra il dettaglio dei prezzi  Cancellazione gratuita,No,Sì,https://www.airbnb.it/rooms/934511716348321242
Appartamento ⋅ Venezia,Calle dei Preti,"Calle dei Preti | 2 camere da letto
2 camere da letto
2 letti
,
 · 2 letti
1 bagno
,
 · 1 bagno | Host privato
Host privato",3394 € in totale Mostra il dettaglio dei prezzi  3394 € in totale Cancellazione gratuita,No,Sì,https://www.airbnb.it/rooms/45589908
Appartamento ⋅ Venezia,Appartamento Bella Vista,"Appartamento Bella Vista | 1 camera da letto
1 camera da letto
3 letti
,
 · 3 letti
1 bagno
,
 · 1 bagno | Host privato
Host privato",4580 € 3419 € in totale Mostra il dettaglio dei prezzi  Cancellazione gratuita,No,Sì,https://www.airbnb.it/rooms/582386687359485560
Appartamento ⋅ Venezia,Giardino di San Lorenzo,"Giardino di San Lorenzo | 1 camera da letto
1 camera da letto
1 letto a 2 piazze
,
 · 1 letto a 2 piazze
1 bagno
,
 · 1 bagno | Host privato
Host privato",4455 € in totale Mostra il dettaglio dei prezzi  4455 € in totale Cancellazione gratuita,No,Sì,https://www.airbnb.it/rooms/17104230
Appartamento ⋅ Lido di Venezia,Appartamento nel cuore del Lido con grande terrazza,"Appartamento nel cuore del Lido con grande terrazza | 3 camere da letto
3 camere da letto
4 letti
,
 · 4 letti
1 bagno
,
 · 1 bagno | Host privato
Host privato",6753 € in totale Mostra il dettaglio dei prezzi  6753 € in totale Cancellazione gratuita,No,Sì,https://www.airbnb.it/rooms/938978623479288210
Appartamento ⋅ Venezia,"Coppie benvenute, casa moderna a 5 min Biennale","Coppie benvenute, casa moderna a 5 min Biennale | 1 camera da letto
1 camera da letto
1 letto matrimoniale grande
,
 · 1 letto matrimoniale grande
1 bagno
,
 · 1 bagno | Host privato
Host privato",4352 € 3924 € in totale Mostra il dettaglio dei prezzi  Cancellazione gratuita,No,Sì,https://www.airbnb.it/rooms/37980243
B&B a Venezia,Locanda Ca' Valeri,"Locanda Ca' Valeri | 2 camere disponibili
2 camere disponibili",2335 €  2102 € 2102 € in totale. Prezzo originario: 2335 €  in totale Cancellazione gratuita,No,Sì,https://www.airbnb.it/rooms/1552109099784204953
Appartamento ⋅ Lido di Venezia,Casa 7 Lido Venice Beach,"Casa 7 Lido Venice Beach | 2 camere da letto
2 camere da letto
6 letti
,
 · 6 letti
2 bagni
,
 · 2 bagni | Host professionista
Host professionista",17.395 € 15.665 € in totale Mostra il dettaglio dei prezzi  Cancellazione gratuita,No,Sì,https://www.airbnb.it/rooms/934504084808776735
Appartamento ⋅ Venezia,"La Casetta di Foscolo by Venicevillas, Biennale","La Casetta di Foscolo by Venicevillas, Biennale | 1 camera da letto
1 camera da letto
1 letto a 2 piazze
,
 · 1 letto a 2 piazze
1 bagno
,
 · 1 bagno | Host professionista
Host professionista",2710 € in totale Mostra il dettaglio dei prezzi  2710 € in totale Cancellazione gratuita,No,Sì,https://www.airbnb.it/rooms/51811518
Lido di Venezia: stanza,Mostra del cinema di venezia,"Mostra del cinema di venezia | 2 letti
2 letti
1 bagno
,
 · 1 bagno | Host privato
Host privato",3761 € in totale Mostra il dettaglio dei prezzi  3761 € in totale Cancellazione gratuita,No,Sì,https://www.airbnb.it/rooms/686297002562728779
Appartamento ⋅ Venezia,Castello 5067 Boutique Apartment vicino a Piazza San Marco,"Castello 5067 Boutique Apartment vicino a Piazza San Marco | 2 camere da letto
2 camere da letto
3 letti
,
 · 3 letti
1 bagno
,
 · 1 bagno | Host privato
Host privato",3985 € 3395 € in totale Mostra il dettaglio dei prezzi  Cancellazione gratuita,No,Sì,https://www.airbnb.it/rooms/33905388
Appartamento ⋅ Venezia,"Ca Lion di Venicevillas, Biennale","Ca Lion di Venicevillas, Biennale | 2 camere da letto
2 camere da letto
3 letti
,
 · 3 letti
1 bagno
,
 · 1 bagno | Host professionista
Host professionista",3777 € in totale Mostra il dettaglio dei prezzi  3777 € in totale Cancellazione gratuita,No,Sì,https://www.airbnb.it/rooms/51614407
Appartamento ⋅ Castello,Gallery House @Venezia,"Gallery House @Venezia | 3 camere da letto
3 camere da letto
3 letti
,
 · 3 letti
2 bagni
,
 · 2 bagni | Host professionista
Host professionista",5404 € 4354 € in totale Mostra il dettaglio dei prezzi  Cancellazione gratuita,No,Sì,https://www.airbnb.it/rooms/54052670
Casa ⋅ Castello,Antica Dimora Veneziana con Pergolato,"Antica Dimora Veneziana con Pergolato | 2 camere da letto
2 camere da letto
4 letti
,
 · 4 letti
2 bagni
,
 · 2 bagni | Host professionista
Host professionista",4003 € in totale Mostra il dettaglio dei prezzi  4003 € in totale Cancellazione gratuita,No,Sì,https://www.airbnb.it/rooms/1178838844705171456
Castello: stanza,Camera privata a Castello tra Biennale & San Marco,"Camera privata a Castello tra Biennale & San Marco | 1 letto a 2 piazze
1 letto a 2 piazze
1 bagno
,
 · 1 bagno | Host privato
Host privato",2373 € in totale Mostra il dettaglio dei prezzi  2373 € in totale Cancellazione gratuita,No,Sì,https://www.airbnb.it/rooms/17553690
Appartamento ⋅ Castello,Suite Biennale Gallery,"Suite Biennale Gallery | 1 camera da letto
1 camera da letto
1 letto matrimoniale
,
 · 1 letto matrimoniale
1 bagno
,
 · 1 bagno | Host privato
Host privato",4210 € 3795 € in totale Mostra il dettaglio dei prezzi  Cancellazione gratuita,No,Sì,https://www.airbnb.it/rooms/51118138
Alloggio (Castello),Suite romantica a due passi da San Marco,"Suite romantica a due passi da San Marco | 1 camera da letto
1 camera da letto
1 letto
,
 · 1 letto
1 bagno
,
 · 1 bagno | Host privato
Host privato",2843 € in totale Mostra il dettaglio dei prezzi  2843 € in totale Cancellazione gratuita,No,Sì,https://www.airbnb.it/rooms/1697934656716644063
Castello: stanza,Casa Stainer Camera bagno esterno esclusivo,"Casa Stainer Camera bagno esterno esclusivo | 1 letto a 2 piazze
1 letto a 2 piazze
1 bagno
,
 · 1 bagno | Host privato
Host privato",1847 € in totale Mostra il dettaglio dei prezzi  1847 € in totale Cancellazione gratuita,No,Sì,https://www.airbnb.it/rooms/32077336
Appartamento ⋅ Castello,Riva Home Gallery - Terrazza privata e ascensore,"Riva Home Gallery - Terrazza privata e ascensore | 2 camere da letto
2 camere da letto
3 letti
,
 · 3 letti
2 bagni
,
 · 2 bagni | Host privato
Host privato",7093 € in totale Mostra il dettaglio dei prezzi  7093 € in totale Cancellazione gratuita,No,Sì,https://www.airbnb.it/rooms/1415363904072167743
Appartamento ⋅ Castello,Appartamento Biennale Venezia,"Appartamento Biennale Venezia | 2 camere da letto
2 camere da letto
6 letti
,
 · 6 letti
1 bagno
,
 · 1 bagno | Host privato
Host privato",3840 € in totale Mostra il dettaglio dei prezzi  3840 € in totale Cancellazione gratuita,No,Sì,https://www.airbnb.it/rooms/51600586
Appartamento ⋅ Castello,CasaLuce - Luminoso appartamento a San Marco,"CasaLuce - Luminoso appartamento a San Marco | 2 camere da letto
2 camere da letto
2 letti
,
 · 2 letti
1 bagno
,
 · 1 bagno | Host privato
Host privato",4622 € in totale Mostra il dettaglio dei prezzi  4622 € in totale Cancellazione gratuita,No,Sì,https://www.airbnb.it/rooms/1297668926728482984
Appartamento ⋅ Castello,Residenza Anna Azzurra,"Residenza Anna Azzurra | 2 camere da letto
2 camere da letto
2 letti a 2 piazze
,
 · 2 letti a 2 piazze
2 bagni
,
 · 2 bagni | Host privato
Host privato",3673 € 3355 € in totale Mostra il dettaglio dei prezzi  Cancellazione gratuita,No,Sì,https://www.airbnb.it/rooms/1619033841364034491
Appartamento ⋅ Castello,Attico Bragora Smoochy Venezia,"Attico Bragora Smoochy Venezia | 1 camera da letto
1 camera da letto
1 letto a 2 piazze
,
 · 1 letto a 2 piazze
1 bagno
,
 · 1 bagno | Host professionista
Host professionista",2869 € in totale Mostra il dettaglio dei prezzi  2869 € in totale Cancellazione gratuita,No,Sì,https://www.airbnb.it/rooms/19262607
Appartamento ⋅ Castello,casa a Venezia sul canale tra il verde.,"casa a Venezia sul canale tra il verde. | 3 camere da letto
3 camere da letto
3 letti a 2 piazze
,
 · 3 letti a 2 piazze
2 bagni
,
 · 2 bagni | Host privato
Host privato",4164 € in totale Mostra il dettaglio dei prezzi  4164 € in totale Cancellazione gratuita,No,Sì,https://www.airbnb.it/rooms/23635043
Appartamento ⋅ Castello,Romantico loft,"Romantico loft | 1 camera da letto
1 camera da letto
1 letto
,
 · 1 letto
1 bagno
,
 · 1 bagno | Host professionista
Host professionista",1878 € in totale Mostra il dettaglio dei prezzi  1878 € in totale Cancellazione gratuita,No,Sì,https://www.airbnb.it/rooms/1613820178587337673
Appartamento ⋅ Castello,Ca' di Malta Camera 1 di Wonderful Italy,"Ca' di Malta Camera 1 di Wonderful Italy | 1 camera da letto
1 camera da letto
2 letti
,
 · 2 letti
1 bagno
,
 · 1 bagno | Host professionista
Host professionista",2370 € in totale Mostra il dettaglio dei prezzi  2370 € in totale Cancellazione gratuita,No,Sì,https://www.airbnb.it/rooms/1214247555915047593
Casa vacanze ⋅ Castello,Vista dall'alto dell'appartamento Ducale,"Vista dall'alto dell'appartamento Ducale | 1 camera da letto
1 camera da letto
1 letto matrimoniale
,
 · 1 letto matrimoniale
1 bagno
,
 · 1 bagno | Host professionista
Host professionista",4022 € 3487 € in totale Mostra il dettaglio dei prezzi  Cancellazione gratuita,No,Sì,https://www.airbnb.it/rooms/18468430
Appartamento ⋅ Castello,Residenza Rossella,"Residenza Rossella | 2 camere da letto
2 camere da letto
3 letti
,
 · 3 letti
1 bagno
,
 · 1 bagno | Host privato
Host privato",4015 € in totale Mostra il dettaglio dei prezzi  4015 € in totale Cancellazione gratuita,No,Sì,https://www.airbnb.it/rooms/1237758784945891465
Castello: stanza,Biennale Ensuite Room 2 di Bricola Apartments,"Biennale Ensuite Room 2 di Bricola Apartments | 1 letto a 2 piazze
1 letto a 2 piazze
1 bagno
,
 · 1 bagno | Host professionista
Host professionista",2041 € in totale Mostra il dettaglio dei prezzi  2041 € in totale Cancellazione gratuita,No,Sì,https://www.airbnb.it/rooms/1498455382684307511
Appartamento ⋅ Castello,Cà Donà accogliente in centro storico di Venezia,"Cà Donà accogliente in centro storico di Venezia | 2 camere da letto
2 camere da letto
2 letti
,
 · 2 letti
1 bagno
,
 · 1 bagno | Host privato
Host privato",3229 € in totale Mostra il dettaglio dei prezzi  3229 € in totale Cancellazione gratuita,No,Sì,https://www.airbnb.it/rooms/1519099528659826310
Casa vacanze ⋅ Venezia,Fuga a Venezia-San Giorgio,"Fuga a Venezia-San Giorgio | 1 camera da letto
1 camera da letto
1 letto matrimoniale
,
 · 1 letto matrimoniale
1 bagno
,
 · 1 bagno | Host professionista
Host professionista",3550 € 3027 € in totale Mostra il dettaglio dei prezzi  Cancellazione gratuita,No,Sì,https://www.airbnb.it/rooms/7624650
Appartamento ⋅ Venezia,"Casa Dolce Riva: affascinante, autentica e tranquilla, 2 bagni","Casa Dolce Riva: affascinante, autentica e tranquilla, 2 bagni | 2 camere da letto
2 camere da letto
3 letti
,
 · 3 letti
2 bagni
,
 · 2 bagni | Host privato
Host privato",3862 € in totale Mostra il dettaglio dei prezzi  3862 € in totale Cancellazione gratuita,No,Sì,https://www.airbnb.it/rooms/1415229937655660204
B&B a Venezia,B&B di Alfonso,"B&B di Alfonso | 2 camere disponibili
2 camere disponibili",2247 €  2019 € 2019 € in totale. Prezzo originario: 2247 €  in totale,No,No,https://www.airbnb.it/rooms/1295650
Appartamento ⋅ Venezia,Ca' del Papa - Riva Gold Apartment,"Ca' del Papa - Riva Gold Apartment | 1 camera da letto
1 camera da letto
2 letti
,
 · 2 letti
1 bagno
,
 · 1 bagno | Host professionista
Host professionista",3466 € 3166 € in totale Mostra il dettaglio dei prezzi  Cancellazione gratuita,No,Sì,https://www.airbnb.it/rooms/1609457874045175465
Appartamento ⋅ Lido di Venezia,Mary Rose Guest House (Casa di Maria Rosa) Venezia,"Mary Rose Guest House (Casa di Maria Rosa) Venezia | 3 camere da letto
3 camere da letto
7 letti
,
 · 7 letti
2 bagni
,
 · 2 bagni | Host privato
Host privato",17.675 € in totale Mostra il dettaglio dei prezzi  17.675 € in totale Cancellazione gratuita,No,Sì,https://www.airbnb.it/rooms/1075299871768616102
Appartamento ⋅ Lido di Venezia,Appartamenti Ca' Barbarigo,"Appartamenti Ca' Barbarigo | 3 camere da letto
3 camere da letto
2 letti
,
 · 2 letti
3 bagni
,
 · 3 bagni | Host privato
Host privato",46.318 € 42.318 € in totale Mostra il dettaglio dei prezzi  Cancellazione gratuita,No,Sì,https://www.airbnb.it/rooms/1360322103669864742
Appartamento ⋅ Venezia,"Lio Piccolo, San Marco -Arsenale","Lio Piccolo, San Marco -Arsenale | 1 camera da letto
1 camera da letto
1 letto a 2 piazze
,
 · 1 letto a 2 piazze
1 bagno
,
 · 1 bagno | Host privato
Host privato",2697 € in totale Mostra il dettaglio dei prezzi  2697 € in totale Cancellazione gratuita,No,Sì,https://www.airbnb.it/rooms/817196070864448954
Appartamento ⋅ Venezia,Ramo delle Moschette,"Ramo delle Moschette | 1 camera da letto
1 camera da letto
2 letti
,
 · 2 letti
1 bagno
,
 · 1 bagno | Host professionista
Host professionista",4031 € 3685 € in totale Mostra il dettaglio dei prezzi  Cancellazione gratuita,No,Sì,https://www.airbnb.it/rooms/17074337
Appartamento ⋅ Venezia,"Ca' Elisabetta, suite","Ca' Elisabetta, suite | 1 camera da letto
1 camera da letto
2 letti
,
 · 2 letti
1 bagno
,
 · 1 bagno | Host privato
Host privato",3298 € 3016 € in totale Mostra il dettaglio dei prezzi  Cancellazione gratuita,No,Sì,https://www.airbnb.it/rooms/1450551755916458370
Appartamento ⋅ Venezia,Ca' di Malta Camera 2 di Wonderful Italy,"Ca' di Malta Camera 2 di Wonderful Italy | 1 camera da letto
1 camera da letto
2 letti
,
 · 2 letti
1 bagno
,
 · 1 bagno | Host professionista
Host professionista",2380 € in totale Mostra il dettaglio dei prezzi  2380 € in totale Cancellazione gratuita,No,Sì,https://www.airbnb.it/rooms/1214247863493026146
Appartamento ⋅ Venezia,Casa al Ponte Scudi - 4 finestre sul canale,"Casa al Ponte Scudi - 4 finestre sul canale | 1 camera da letto
1 camera da letto
3 letti
,
 · 3 letti
2 bagni
,
 · 2 bagni | Host privato
Host privato",4610 € 4158 € in totale Mostra il dettaglio dei prezzi  Cancellazione gratuita,No,Sì,https://www.airbnb.it/rooms/54238272
Appartamento ⋅ Venezia,Cà Magno Luxury Design - Vista sul canale con sauna,"Cà Magno Luxury Design - Vista sul canale con sauna | 2 camere da letto
2 camere da letto
4 letti
,
 · 4 letti
2 bagni
,
 · 2 bagni | Host privato
Host privato",4890 € in totale Mostra il dettaglio dei prezzi  4890 € in totale Cancellazione gratuita,No,Sì,https://www.airbnb.it/rooms/38237339
Appartamento ⋅ Venezia,"Ca' Elena, splendida vista sul canale Biennale","Ca' Elena, splendida vista sul canale Biennale | 2 camere da letto
2 camere da letto
2 letti
,
 · 2 letti
1 bagno
,
 · 1 bagno | Host privato
Host privato",5352 € in totale Mostra il dettaglio dei prezzi  5352 € in totale Cancellazione gratuita,No,Sì,https://www.airbnb.it/rooms/1424444384465055462
Appartamento ⋅ Venezia,"Appartamento con terrazza BIENNALE & S. MARK, POSIZIONE TOP!","Appartamento con terrazza BIENNALE & S. MARK, POSIZIONE TOP! | 1 camera da letto
1 camera da letto
1 letto a 2 piazze
,
 · 1 letto a 2 piazze
1 bagno
,
 · 1 bagno | Host privato
Host privato",3306 € in totale Mostra il dettaglio dei prezzi  3306 € in totale Cancellazione gratuita,No,Sì,https://www.airbnb.it/rooms/29640692
Appartamento ⋅ Venezia,"Nicoli, comodo appartamento nella Venezia più viva","Nicoli, comodo appartamento nella Venezia più viva | 1 camera da letto
1 camera da letto
3 letti singoli
,
 · 3 letti singoli
1 bagno
,
 · 1 bagno | Host professionista
Host professionista",3552 € in totale Mostra il dettaglio dei prezzi  3552 € in totale Cancellazione gratuita,No,Sì,https://www.airbnb.it/rooms/363885
Casa ⋅ Venezia,Ca' Pittore - Arsenale,"Ca' Pittore - Arsenale | 2 camere da letto
2 camere da letto
2 letti
,
 · 2 letti
1 bagno
,
 · 1 bagno | Host professionista
Host professionista",8386 € in totale Mostra il dettaglio dei prezzi  8386 € in totale Cancellazione gratuita,No,Sì,https://www.airbnb.it/rooms/1648456452455703092
Appartamento ⋅ Venezia,5 minutes from Biennale con corte privata,"5 minutes from Biennale con corte privata | 2 camere da letto
2 camere da letto
2 letti a 2 piazze
,
 · 2 letti a 2 piazze
1 bagno
,
 · 1 bagno | Host privato
Host privato",13.458 € in totale Mostra il dettaglio dei prezzi  13.458 € in totale Cancellazione gratuita,No,Sì,https://www.airbnb.it/rooms/1616712093621989636
Appartamento ⋅ Venezia,Celestia Castello in vaporetto,"Celestia Castello in vaporetto | 2 camere da letto
2 camere da letto
3 letti
,
 · 3 letti
1 bagno
,
 · 1 bagno | Host professionista
Host professionista",3740 € 3403 € in totale Mostra il dettaglio dei prezzi  Cancellazione gratuita,No,Sì,https://www.airbnb.it/rooms/51279783
Appartamento ⋅ Castello,Ca' Venier Accogliente appartamento R&R,"Ca' Venier Accogliente appartamento R&R | 1 camera da letto
1 camera da letto
1 letto a 2 piazze
,
 · 1 letto a 2 piazze
1 bagno
,
 · 1 bagno | Host professionista
Host professionista",3359 € in totale Mostra il dettaglio dei prezzi  3359 € in totale Cancellazione gratuita,No,Sì,https://www.airbnb.it/rooms/1637586443925629770
Appartamento ⋅ Castello,Lo stile veneziano di Daniela nel centro storico di Venezia,"Lo stile veneziano di Daniela nel centro storico di Venezia | 2 camere da letto
2 camere da letto
4 letti
,
 · 4 letti
2 bagni
,
 · 2 bagni | Host professionista
Host professionista",4158 € in totale Mostra il dettaglio dei prezzi  4158 € in totale Cancellazione gratuita,No,Sì,https://www.airbnb.it/rooms/875123278384610667
Casa galleggiante ⋅ Castello,AQVA Houseboat sulla Laguna di Venezia - Venezia,"AQVA Houseboat sulla Laguna di Venezia - Venezia | 3 camere da letto
3 camere da letto
1 bagno
,
 · 1 bagno | Host privato
Host privato",14.300 € 8780 € in totale Mostra il dettaglio dei prezzi  ,No,No,https://www.airbnb.it/rooms/830353311598780523
Appartamento ⋅ Castello,Martino vista canale,"Martino vista canale | 2 camere da letto
2 camere da letto
3 letti
,
 · 3 letti
1 bagno
,
 · 1 bagno | Host privato
Host privato",5350 € 4819 € in totale Mostra il dettaglio dei prezzi  Cancellazione gratuita,No,Sì,https://www.airbnb.it/rooms/1373272825190013523
Appartamento ⋅ Castello,Loft veneziano,"Loft veneziano | 2 camere da letto
2 camere da letto
3 letti
,
 · 3 letti
1,5 bagni (anche di servizio)
,
 · 1,5 bagni (anche di servizio) | Host professionista
Host professionista",10.756 € in totale Mostra il dettaglio dei prezzi  10.756 € in totale Cancellazione gratuita,No,Sì,https://www.airbnb.it/rooms/1242528494463824221
Appartamento ⋅ Castello,Lussuoso appartamento per 3 persone in Piazza San Marco,"Lussuoso appartamento per 3 persone in Piazza San Marco | 2 camere da letto
2 camere da letto
2 letti
,
 · 2 letti
1 bagno
,
 · 1 bagno | Host professionista
Host professionista",5310 € 4779 € in totale Mostra il dettaglio dei prezzi  Cancellazione gratuita,No,Sì,https://www.airbnb.it/rooms/15800196
Appartamento ⋅ Castello,2 Camere nel Cuore di Castello • Biennale a piedi,"2 Camere nel Cuore di Castello • Biennale a piedi | 2 camere da letto
2 camere da letto
1 bagno
,
 · 1 bagno | Host privato
Host privato",3874 € in totale Mostra il dettaglio dei prezzi  3874 € in totale Cancellazione gratuita,No,Sì,https://www.airbnb.it/rooms/50452700
Appartamento ⋅ Castello,Appartamento Casanova San Marco,"Appartamento Casanova San Marco | 2 camere da letto
2 camere da letto
1 letto
,
 · 1 letto
1 bagno
,
 · 1 bagno | Host privato
Host privato",3292 € 3007 € in totale Mostra il dettaglio dei prezzi  Cancellazione gratuita,No,Sì,https://www.airbnb.it/rooms/1442043659384958544
Appartamento ⋅ Castello,LN Homes Venice San Marco vista canale,"LN Homes Venice San Marco vista canale | 1 camera da letto
1 camera da letto
1 letto a 2 piazze
,
 · 1 letto a 2 piazze
1 bagno
,
 · 1 bagno | Host privato
Host privato",3125 € in totale Mostra il dettaglio dei prezzi  3125 € in totale Cancellazione gratuita,No,Sì,https://www.airbnb.it/rooms/16670834
Appartamento ⋅ Castello,Appartamento di lusso per 2 persone in Piazza San Marco,"Appartamento di lusso per 2 persone in Piazza San Marco | 1 camera da letto
1 camera da letto
1 letto a 2 piazze
,
 · 1 letto a 2 piazze
1 bagno
,
 · 1 bagno | Host professionista
Host professionista",4130 € 3717 € in totale Mostra il dettaglio dei prezzi  Cancellazione gratuita,No,Sì,https://www.airbnb.it/rooms/15798810
Appartamento ⋅ Castello,"Venicevillas - Ca' Rosalba, zona Biennale","Venicevillas - Ca' Rosalba, zona Biennale | 2 camere da letto
2 camere da letto
4 letti
,
 · 4 letti
1 bagno
,
 · 1 bagno | Host professionista
Host professionista",3387 € in totale Mostra il dettaglio dei prezzi  3387 € in totale Cancellazione gratuita,No,Sì,https://www.airbnb.it/rooms/28077021
Appartamento ⋅ Castello,Ca’ Venier – Appartamento con balcone R&r,"Ca’ Venier – Appartamento con balcone R&r | 2 camere da letto
2 camere da letto
2 letti
,
 · 2 letti
1 bagno
,
 · 1 bagno | Host professionista
Host professionista",4148 € in totale Mostra il dettaglio dei prezzi  4148 € in totale Cancellazione gratuita,No,Sì,https://www.airbnb.it/rooms/1637586534457253152
Appartamento ⋅ Castello,Terrazza della suite Lion Palace R&r,"Terrazza della suite Lion Palace R&r | 1 camera da letto
1 camera da letto
1 letto a 2 piazze
,
 · 1 letto a 2 piazze
Bagno di servizio
,
 · Bagno di servizio | Host professionista
Host professionista",9667 € in totale Mostra il dettaglio dei prezzi  9667 € in totale Cancellazione gratuita,No,Sì,https://www.airbnb.it/rooms/49727247
Appartamento ⋅ Castello,Castello centro: luminoso tra Biennale e San Marco,"Castello centro: luminoso tra Biennale e San Marco | 1 camera da letto
1 camera da letto
2 letti
,
 · 2 letti
1 bagno
,
 · 1 bagno | Host privato
Host privato",3357 € in totale Mostra il dettaglio dei prezzi  3357 € in totale Cancellazione gratuita,No,Sì,https://www.airbnb.it/rooms/645423149621301474
Appartamento ⋅ Castello,Ca' Piera Rossa,"Ca' Piera Rossa | 1 camera da letto
1 camera da letto
1 letto
,
 · 1 letto
1 bagno
,
 · 1 bagno | Host privato
Host privato",4628 € in totale Mostra il dettaglio dei prezzi  4628 € in totale Cancellazione gratuita,No,Sì,https://www.airbnb.it/rooms/1080378951629944153
Appartamento ⋅ Castello,Comodo bilocale Via Garibaldi / Biennale,"Comodo bilocale Via Garibaldi / Biennale | 1 camera da letto
1 camera da letto
2 letti
,
 · 2 letti
1 bagno
,
 · 1 bagno | Host professionista
Host professionista",3652 € in totale Mostra il dettaglio dei prezzi  3652 € in totale Cancellazione gratuita,No,Sì,https://www.airbnb.it/rooms/43814550
Appartamento ⋅ Castello,"Appartamento ""Terrazza"" 2 pax, vicino a Piazza San Marco","Appartamento ""Terrazza"" 2 pax, vicino a Piazza San Marco | 1 camera da letto
1 camera da letto
1 letto matrimoniale
,
 · 1 letto matrimoniale
1 bagno
,
 · 1 bagno | Host professionista
Host professionista",4484 € in totale Mostra il dettaglio dei prezzi  4484 € in totale Cancellazione gratuita,No,Sì,https://www.airbnb.it/rooms/29815301
Appartamento ⋅ Castello,Splendido appartamento in Piazza San Marco vicino a Ca-Sa Check,"Splendido appartamento in Piazza San Marco vicino a Ca-Sa Check | 2 camere da letto
2 camere da letto
2 letti a 2 piazze
,
 · 2 letti a 2 piazze
2 bagni
,
 · 2 bagni | Host privato
Host privato",3491 € in totale Mostra il dettaglio dei prezzi  3491 € in totale Cancellazione gratuita,No,Sì,https://www.airbnb.it/rooms/1212781884533321784
Appartamento ⋅ Venezia,Venezia Ca San Marco con vista sul canale di Wonderful Italy,"Venezia Ca San Marco con vista sul canale di Wonderful Italy | 2 camere da letto
2 camere da letto
3 letti
,
 · 3 letti
1 bagno
,
 · 1 bagno | Host professionista
Host professionista",3300 € in totale Mostra il dettaglio dei prezzi  3300 € in totale Cancellazione gratuita,No,Sì,https://www.airbnb.it/rooms/1004797902509902922
Appartamento ⋅ Venezia,Ampio e luminoso monolocale con vista canale,"Ampio e luminoso monolocale con vista canale | 1 camera da letto
1 camera da letto
2 letti
,
 · 2 letti
1 bagno
,
 · 1 bagno | Host professionista
Host professionista",3816 € in totale Mostra il dettaglio dei prezzi  3816 € in totale Cancellazione gratuita,No,Sì,https://www.airbnb.it/rooms/44548061
Appartamento ⋅ Venezia,a pochi minuti dalla biennale e da P.zza San Marco,"a pochi minuti dalla biennale e da P.zza San Marco | 2 camere da letto
2 camere da letto
2 bagni
,
 · 2 bagni | Host privato
Host privato",10.070 € in totale Mostra il dettaglio dei prezzi  10.070 € in totale Cancellazione gratuita,No,Sì,https://www.airbnb.it/rooms/1126024346850122681
Appartamento ⋅ Venezia,*Luminoso appartamento di S. Mark con balcone e connessione a Internet in fibra,"*Luminoso appartamento di S. Mark con balcone e connessione a Internet in fibra | 1 camera da letto
1 camera da letto
1 letto a 2 piazze
,
 · 1 letto a 2 piazze
1 bagno
,
 · 1 bagno | Host privato
Host privato",3834 € in totale Mostra il dettaglio dei prezzi  3834 € in totale Cancellazione gratuita,No,Sì,https://www.airbnb.it/rooms/48264504
Appartamento ⋅ Venezia,"Rio San Lorenzo vista canale, 5 minuti a San Marco","Rio San Lorenzo vista canale, 5 minuti a San Marco | 2 camere da letto
2 camere da letto
2 letti
,
 · 2 letti
1 bagno
,
 · 1 bagno | Host professionista
Host professionista",4550 € 3780 € in totale Mostra il dettaglio dei prezzi  Cancellazione gratuita,No,Sì,https://www.airbnb.it/rooms/1386106886831117234
Appartamento ⋅ Venezia,SPLENDIDA esperienza con VISTA SUL CANALE vicino a San Marco,"SPLENDIDA esperienza con VISTA SUL CANALE vicino a San Marco | 1 camera da letto
1 camera da letto
1 letto a 2 piazze
,
 · 1 letto a 2 piazze
1 bagno
,
 · 1 bagno | Host privato
Host privato",7116 € in totale Mostra il dettaglio dei prezzi  7116 € in totale Cancellazione gratuita,No,Sì,https://www.airbnb.it/rooms/42429568
Appartamento ⋅ Venezia,Appartamento con giardino R&r nel quartiere Castello,"Appartamento con giardino R&r nel quartiere Castello | 2 camere da letto
2 camere da letto
3 letti
,
 · 3 letti
2 bagni
,
 · 2 bagni | Host professionista
Host professionista",6317 € in totale Mostra il dettaglio dei prezzi  6317 € in totale Cancellazione gratuita,No,Sì,https://www.airbnb.it/rooms/955691533700422314
Appartamento ⋅ Venezia,Appartamento deluxe Biennale R&r,"Appartamento deluxe Biennale R&r | 1 camera da letto
1 camera da letto
1 letto
,
 · 1 letto
1 bagno
,
 · 1 bagno | Host professionista
Host professionista",4486 € in totale Mostra il dettaglio dei prezzi  4486 € in totale Cancellazione gratuita,No,Sì,https://www.airbnb.it/rooms/1049918645815165674
Appartamento ⋅ Venezia,Ca'Lavinia • 2 suite • 2 bagni • 10 min da San Marco,"Ca'Lavinia • 2 suite • 2 bagni • 10 min da San Marco | 2 camere da letto
2 camere da letto
3 letti
,
 · 3 letti
2 bagni
,
 · 2 bagni | Host privato
Host privato",5045 € in totale Mostra il dettaglio dei prezzi  5045 € in totale Cancellazione gratuita,No,Sì,https://www.airbnb.it/rooms/1104833527912113318
Venezia: stanza,Accogliente casa e bagno con costumista,"Accogliente casa e bagno con costumista | 1 letto
1 letto
1 bagno
,
 · 1 bagno | Host privato
Host privato",2996 € in totale Mostra il dettaglio dei prezzi  2996 € in totale Cancellazione gratuita,No,Sì,https://www.airbnb.it/rooms/1179720635442247495
Appartamento ⋅ Venezia,Vera Aqua,"Vera Aqua | 1 letto
1 letto
Nessun bagno
,
 · Nessun bagno | Host privato
Host privato",4015 € in totale Mostra il dettaglio dei prezzi  4015 € in totale Cancellazione gratuita,No,Sì,https://www.airbnb.it/rooms/1138419410649688342
Appartamento ⋅ Venezia,Stanza degli artisti,"Stanza degli artisti | 1 camera da letto
1 camera da letto
1 bagno
,
 · 1 bagno | Host privato
Host privato",3330 € in totale Mostra il dettaglio dei prezzi  3330 € in totale Cancellazione gratuita,No,Sì,https://www.airbnb.it/rooms/1136179732695200867
Lido di Venezia: stanze,Spaziosa casa a Lido di Venezia vicino al traghetto e al mare,"Spaziosa casa a Lido di Venezia vicino al traghetto e al mare | 3 camere da letto
3 camere da letto
4 letti
,
 · 4 letti
1 bagno
,
 · 1 bagno | Host professionista
Host professionista",13.865 € in totale Mostra il dettaglio dei prezzi  13.865 € in totale Cancellazione gratuita,No,Sì,https://www.airbnb.it/rooms/968713406283108635
Appartamento ⋅ Venezia,"Appartamento di lusso vicino a Piazza Piazza San Marco, vista sul canale","Appartamento di lusso vicino a Piazza Piazza San Marco, vista sul canale | 1 camera da letto
1 camera da letto
1 letto a 2 piazze
,
 · 1 letto a 2 piazze
1 bagno
,
 · 1 bagno | Host professionista
Host professionista",5045 € in totale Mostra il dettaglio dei prezzi  5045 € in totale Cancellazione gratuita,No,Sì,https://www.airbnb.it/rooms/12818221
Appartamento ⋅ Venezia,Appartamento Real Biennale,"Appartamento Real Biennale | 2 camere da letto
2 camere da letto
2 letti
,
 · 2 letti
1 bagno
,
 · 1 bagno | Host professionista
Host professionista",8224 € in totale Mostra il dettaglio dei prezzi  8224 € in totale Cancellazione gratuita,No,Sì,https://www.airbnb.it/rooms/1494810355107522424
Appartamento ⋅ Venezia,Appartamento con vista sul canale di Venezia,"Appartamento con vista sul canale di Venezia | 1 camera da letto
1 camera da letto
2 letti a 2 piazze
,
 · 2 letti a 2 piazze
1 bagno
,
 · 1 bagno | Host professionista
Host professionista",6949 € 6350 € in totale Mostra il dettaglio dei prezzi  Cancellazione gratuita,No,Sì,https://www.airbnb.it/rooms/30760815
Appartamento ⋅ Venezia,Ca' Barbarina 1,"Ca' Barbarina 1 | 2 camere da letto
2 camere da letto
4 letti
,
 · 4 letti
2 bagni
,
 · 2 bagni | Host professionista
Host professionista",6181 € 5587 € in totale Mostra il dettaglio dei prezzi  Cancellazione gratuita,No,Sì,https://www.airbnb.it/rooms/1355742172750173409
Appartamento ⋅ Venezia,"Ca' Campaniel, il tuo angolo segreto a Venezia","Ca' Campaniel, il tuo angolo segreto a Venezia | 1 camera da letto
1 camera da letto
4 letti
,
 · 4 letti
1 bagno
,
 · 1 bagno | Host professionista
Host professionista",3761 € in totale Mostra il dettaglio dei prezzi  3761 € in totale Cancellazione gratuita,No,Sì,https://www.airbnb.it/rooms/5401000
Appartamento ⋅ Castello,Signorile ampio appartamento vicino Piazza S.Marco,"Signorile ampio appartamento vicino Piazza S.Marco | 2 camere da letto
2 camere da letto
3 letti
,
 · 3 letti
1 bagno
,
 · 1 bagno | Host professionista
Host professionista",3460 € in totale Mostra il dettaglio dei prezzi  3460 € in totale Cancellazione gratuita,No,Sì,https://www.airbnb.it/rooms/904177851440853441
Appartamento ⋅ Castello,"Appartamento Alle Ancore, Venezia centro, Biennale","Appartamento Alle Ancore, Venezia centro, Biennale | 1 camera da letto
1 camera da letto
2 letti
,
 · 2 letti
1 bagno
,
 · 1 bagno | Host privato
Host privato",3750 € in totale Mostra il dettaglio dei prezzi  3750 € in totale Cancellazione gratuita,No,Sì,https://www.airbnb.it/rooms/25536105
Appartamento ⋅ Castello,"Appartamento di lusso Giardino, vicino a Piazza San Marco","Appartamento di lusso Giardino, vicino a Piazza San Marco | 1 camera da letto
1 camera da letto
1 letto matrimoniale
,
 · 1 letto matrimoniale
1 bagno
,
 · 1 bagno | Host professionista
Host professionista",4720 € 4248 € in totale Mostra il dettaglio dei prezzi  Cancellazione gratuita,No,Sì,https://www.airbnb.it/rooms/25000708
Appartamento ⋅ Castello,L'Eclat du Jardin R&R,"L'Eclat du Jardin R&R | 2 camere da letto
2 camere da letto
3 letti
,
 · 3 letti
2 bagni
,
 · 2 bagni | Host professionista
Host professionista",8636 € in totale Mostra il dettaglio dei prezzi  8636 € in totale Cancellazione gratuita,No,Sì,https://www.airbnb.it/rooms/1542083720446112766
Appartamento ⋅ Castello,Ca' Melissa,"Ca' Melissa | 1 camera da letto
1 camera da letto
3 letti
,
 · 3 letti
Bagno di servizio
,
 · Bagno di servizio | Host professionista
Host professionista",3337 € 3057 € in totale Mostra il dettaglio dei prezzi  Cancellazione gratuita,No,Sì,https://www.airbnb.it/rooms/28515468
Appartamento ⋅ Castello,Casa Clodia | Biennale Luxury Stay,"Casa Clodia | Biennale Luxury Stay | 2 camere da letto
2 camere da letto
2 letti a 2 piazze
,
 · 2 letti a 2 piazze
2 bagni
,
 · 2 bagni | Host privato
Host privato",5358 € in totale Mostra il dettaglio dei prezzi  5358 € in totale Cancellazione gratuita,No,Sì,https://www.airbnb.it/rooms/1427626918899341234
Appartamento ⋅ Castello,Nuovo appartamento di lusso Gold Venice Arsenale,"Nuovo appartamento di lusso Gold Venice Arsenale | 2 letti
2 letti
1 bagno
,
 · 1 bagno | Host privato
Host privato",1923 € 1769 € in totale Mostra il dettaglio dei prezzi  Cancellazione gratuita,No,Sì,https://www.airbnb.it/rooms/1613149442830276633
Appartamento ⋅ Castello,Casa autentica tra San Marco e Biennale,"Casa autentica tra San Marco e Biennale | 1 camera da letto
1 camera da letto
2 letti
,
 · 2 letti
1 bagno
,
 · 1 bagno | Host privato
Host privato",3333 € in totale Mostra il dettaglio dei prezzi  3333 € in totale Cancellazione gratuita,No,Sì,https://www.airbnb.it/rooms/1464275109624163861
Alloggio (Castello),Appartamentino dietro San Marco,"Appartamentino dietro San Marco | 1 camera da letto
1 camera da letto
1 letto
,
 · 1 letto
1 bagno
,
 · 1 bagno | Host privato
Host privato",3305 € in totale Mostra il dettaglio dei prezzi  3305 € in totale Cancellazione gratuita,No,Sì,https://www.airbnb.it/rooms/1697981040863773383
Alloggio (Castello),Ca' di Malta Room 7 di Wonderful Italy,"Ca' di Malta Room 7 di Wonderful Italy | 1 camera da letto
1 camera da letto
1 letto matrimoniale
,
 · 1 letto matrimoniale
1 bagno
,
 · 1 bagno | Host professionista
Host professionista",2402 € in totale Mostra il dettaglio dei prezzi  2402 € in totale Cancellazione gratuita,No,Sì,https://www.airbnb.it/rooms/1561661407533430047
Appartamento ⋅ Castello,"Ca' Riello, appartamento a 300mt dall'Arsenale","Ca' Riello, appartamento a 300mt dall'Arsenale | 2 camere da letto
2 camere da letto
3 letti singoli
,
 · 3 letti singoli
1 bagno
,
 · 1 bagno | Host professionista
Host professionista",4837 € in totale Mostra il dettaglio dei prezzi  4837 € in totale Cancellazione gratuita,No,Sì,https://www.airbnb.it/rooms/44566838
Appartamento ⋅ Castello,Relax a 2 passi da S.Marco–Vista su piccolo canale,"Relax a 2 passi da S.Marco–Vista su piccolo canale | 1 camera da letto
1 camera da letto
1 letto a 2 piazze
,
 · 1 letto a 2 piazze
1 bagno
,
 · 1 bagno | Host privato
Host privato",3366 € in totale Mostra il dettaglio dei prezzi  3366 € in totale Cancellazione gratuita,No,Sì,https://www.airbnb.it/rooms/21854616
Appartamento ⋅ Castello,Corte Formenta,"Corte Formenta | 2 camere da letto
2 camere da letto
3 letti
,
 · 3 letti
2,5 bagni (anche di servizio)
,
 · 2,5 bagni (anche di servizio) | Host professionista
Host professionista",11.970 € in totale Mostra il dettaglio dei prezzi  11.970 € in totale Cancellazione gratuita,No,Sì,https://www.airbnb.it/rooms/1548429736459015298
Appartamento ⋅ Castello,Terrazza di lusso a Venezia e balcone con vista su San Marco,"Terrazza di lusso a Venezia e balcone con vista su San Marco | 1 camera da letto
1 camera da letto
2 letti
,
 · 2 letti
2 bagni
,
 · 2 bagni | Host professionista
Host professionista",5440 € in totale Mostra il dettaglio dei prezzi  5440 € in totale Cancellazione gratuita,No,Sì,https://www.airbnb.it/rooms/39454678
Appartamento ⋅ Castello,Vera Venezia Uno,"Vera Venezia Uno | 1 camera da letto
1 camera da letto
1 letto
,
 · 1 letto
1 bagno
,
 · 1 bagno | Host privato
Host privato",4384 € in totale Mostra il dettaglio dei prezzi  4384 € in totale Cancellazione gratuita,No,Sì,https://www.airbnb.it/rooms/54372708
Appartamento ⋅ Castello,Appartamento Superior Biennale R&R,"Appartamento Superior Biennale R&R | 2 camere da letto
2 camere da letto
2 letti
,
 · 2 letti
2 bagni
,
 · 2 bagni | Host professionista
Host professionista",4938 € in totale Mostra il dettaglio dei prezzi  4938 € in totale Cancellazione gratuita,No,Sì,https://www.airbnb.it/rooms/53604799
Casa ⋅ Lido,Casa Giorgina,"Casa Giorgina | 2 camere da letto
2 camere da letto
6 letti
,
 · 6 letti
2 bagni
,
 · 2 bagni | Host privato
Host privato",14.792 € 12.192 € in totale Mostra il dettaglio dei prezzi  Cancellazione gratuita,No,Sì,https://www.airbnb.it/rooms/1640537801421996522
Appartamento ⋅ Castello,Giardini biennale flat,"Giardini biennale flat | 1 camera da letto
1 camera da letto
3 letti
,
 · 3 letti
1 bagno
,
 · 1 bagno | Host privato
Host privato",3622 € 3312 € in totale Mostra il dettaglio dei prezzi  Cancellazione gratuita,No,Sì,https://www.airbnb.it/rooms/1683262152866841891
Appartamento ⋅ Castello,La Casa del Pittore-Biennale Arsenale,"La Casa del Pittore-Biennale Arsenale | 2 camere da letto
2 camere da letto
3 letti
,
 · 3 letti
2 bagni
,
 · 2 bagni | Host privato
Host privato",4955 € 4526 € in totale Mostra il dettaglio dei prezzi  Cancellazione gratuita,No,Sì,https://www.airbnb.it/rooms/14035254
Appartamento ⋅ Castello,"Arco Apartment, Venezia Centro, Arsenale","Arco Apartment, Venezia Centro, Arsenale | 2 camere da letto
2 camere da letto
2 letti
,
 · 2 letti
2 bagni
,
 · 2 bagni | Host professionista
Host professionista",4777 € in totale Mostra il dettaglio dei prezzi  4777 € in totale Cancellazione gratuita,No,Sì,https://www.airbnb.it/rooms/44568550
Casa ⋅ Castello,La vera Venezia come una persona del luogo,"La vera Venezia come una persona del luogo | 1 camera da letto
1 camera da letto
1 letto
,
 · 1 letto
1 bagno
,
 · 1 bagno | Host professionista
Host professionista",4718 € in totale Mostra il dettaglio dei prezzi  4718 € in totale Cancellazione gratuita,No,Sì,https://www.airbnb.it/rooms/1459483713862763523
Appartamento ⋅ Castello,"Appartamento di lusso, 3 pax, vicino a Piazza San Marco","Appartamento di lusso, 3 pax, vicino a Piazza San Marco | 2 camere da letto
2 camere da letto
2 letti
,
 · 2 letti
1 bagno
,
 · 1 bagno | Host professionista
Host professionista",5833 € in totale Mostra il dettaglio dei prezzi  5833 € in totale Cancellazione gratuita,No,Sì,https://www.airbnb.it/rooms/15812296
Appartamento ⋅ Castello,[Venezia centro] 5 minuti da San Marco,"[Venezia centro] 5 minuti da San Marco | 1 camera da letto
1 camera da letto
1 letto
,
 · 1 letto
1 bagno
,
 · 1 bagno | Host privato
Host privato",3963 € in totale Mostra il dettaglio dei prezzi  3963 € in totale Cancellazione gratuita,No,Sì,https://www.airbnb.it/rooms/820942402659816771
Castello: stanza,Camera elegante e bagno privato,"Camera elegante e bagno privato | 1 letto
1 letto
1 bagno
,
 · 1 bagno | Host privato
Host privato",2785 € in totale Mostra il dettaglio dei prezzi  2785 € in totale Cancellazione gratuita,No,Sì,https://www.airbnb.it/rooms/1179747391201190820
Appartamento ⋅ Castello,Ca' del Papa – Appartamento di lusso Laguna,"Ca' del Papa – Appartamento di lusso Laguna | 3 camere da letto
3 camere da letto
4 letti
,
 · 4 letti
2 bagni
,
 · 2 bagni | Host professionista
Host professionista",5862 € 5355 € in totale Mostra il dettaglio dei prezzi  Cancellazione gratuita,No,Sì,https://www.airbnb.it/rooms/1634670537815649842
Appartamento ⋅ Castello,Ca' Navagero 3-Riva degli Schiavoni (con terrazza),"Ca' Navagero 3-Riva degli Schiavoni (con terrazza) | 2 camere da letto
2 camere da letto
2 letti a 2 piazze
,
 · 2 letti a 2 piazze
3 bagni
,
 · 3 bagni | Host professionista
Host professionista",10.433 € in totale Mostra il dettaglio dei prezzi  10.433 € in totale Cancellazione gratuita,No,Sì,https://www.airbnb.it/rooms/23512302
Appartamento ⋅ Castello,Nel nome della rosa,"Nel nome della rosa | 1 camera da letto
1 camera da letto
1 letto a 2 piazze
,
 · 1 letto a 2 piazze
1 bagno
,
 · 1 bagno | Host professionista
Host professionista",6002 € in totale Mostra il dettaglio dei prezzi  6002 € in totale Cancellazione gratuita,No,Sì,https://www.airbnb.it/rooms/25849656
Appartamento ⋅ Castello,Ca’ Malatin – Casa Vacanza,"Ca’ Malatin – Casa Vacanza | 2 camere da letto
2 camere da letto
3 letti
,
 · 3 letti
1 bagno
,
 · 1 bagno | Host privato
Host privato",3576 € in totale Mostra il dettaglio dei prezzi  3576 € in totale Cancellazione gratuita,No,Sì,https://www.airbnb.it/rooms/5188488
Appartamento ⋅ Castello,Hideaway Biennale - Vista sulla laguna,"Hideaway Biennale - Vista sulla laguna | 1 letto matrimoniale
1 letto matrimoniale
1 bagno
,
 · 1 bagno | Host professionista
Host professionista",6082 € in totale Mostra il dettaglio dei prezzi  6082 € in totale Cancellazione gratuita,No,Sì,https://www.airbnb.it/rooms/17244840
Appartamento ⋅ Castello,Bacino San Marco: vista esclusiva R&r,"Bacino San Marco: vista esclusiva R&r | 3 camere da letto
3 camere da letto
3 letti a 2 piazze
,
 · 3 letti a 2 piazze
3,5 bagni (anche di servizio)
,
 · 3,5 bagni (anche di servizio) | Host professionista
Host professionista",12.328 € in totale Mostra il dettaglio dei prezzi  12.328 € in totale Cancellazione gratuita,No,Sì,https://www.airbnb.it/rooms/34014328
Appartamento ⋅ San Marco,San Marco 2 min Vaporetto | Silenzioso,"San Marco 2 min Vaporetto | Silenzioso | 2 camere da letto
2 camere da letto
3 letti
,
 · 3 letti
1 bagno
,
 · 1 bagno | Host privato
Host privato",4621 € 4221 € in totale Mostra il dettaglio dei prezzi  Cancellazione gratuita,No,Sì,https://www.airbnb.it/rooms/1054283059928628507
Appartamento ⋅ Castello,GuestHost - Appartamento Duplex Arsenale,"GuestHost - Appartamento Duplex Arsenale | 2 camere da letto
2 camere da letto
2 letti a 2 piazze
,
 · 2 letti a 2 piazze
1,5 bagni (anche di servizio)
,
 · 1,5 bagni (anche di servizio) | Host professionista
Host professionista",4301 € in totale Mostra il dettaglio dei prezzi  4301 € in totale Cancellazione gratuita,No,Sì,https://www.airbnb.it/rooms/904929611448707983
Appartamento ⋅ Castello,Vera Venezia Due,"Vera Venezia Due | 1 camera da letto
1 camera da letto
1 letto
,
 · 1 letto
1 bagno
,
 · 1 bagno | Host privato
Host privato",4363 € in totale Mostra il dettaglio dei prezzi  4363 € in totale Cancellazione gratuita,No,Sì,https://www.airbnb.it/rooms/54364332
Appartamento ⋅ Castello,Lion Palace Deluxe R&R,"Lion Palace Deluxe R&R | 1 camera da letto
1 camera da letto
1 letto a 2 piazze
,
 · 1 letto a 2 piazze
2 bagni
,
 · 2 bagni | Host professionista
Host professionista",5409 € in totale Mostra il dettaglio dei prezzi  5409 € in totale Cancellazione gratuita,No,Sì,https://www.airbnb.it/rooms/49713213
Appartamento ⋅ Castello,A 21 passi dalla Biennale di Venezia,"A 21 passi dalla Biennale di Venezia | 2 camere da letto
2 camere da letto
2 letti
,
 · 2 letti
1 bagno
,
 · 1 bagno | Host professionista
Host professionista",7052 € in totale Mostra il dettaglio dei prezzi  7052 € in totale Cancellazione gratuita,No,Sì,https://www.airbnb.it/rooms/1478133895038051414
Appartamento ⋅ Castello,"Appartamento luminoso, vista canale","Appartamento luminoso, vista canale | 2 camere da letto
2 camere da letto
1 bagno
,
 · 1 bagno | Host professionista
Host professionista",3501 € in totale Mostra il dettaglio dei prezzi  3501 € in totale Cancellazione gratuita,No,Sì,https://www.airbnb.it/rooms/50670240
Alloggio (Castello),Autentica Casa Veneziana Ristrutturata a San Marco,"Autentica Casa Veneziana Ristrutturata a San Marco | 3 camere da letto
3 camere da letto
2 letti a 2 piazze
,
 · 2 letti a 2 piazze
3 bagni
,
 · 3 bagni | Host privato
Host privato",5522 € in totale Mostra il dettaglio dei prezzi  5522 € in totale Cancellazione gratuita,No,Sì,https://www.airbnb.it/rooms/1689203202454795388
Appartamento ⋅ Castello,Appartamento romantico veneziano vicino all'ingresso dell'Arsenale,"Appartamento romantico veneziano vicino all'ingresso dell'Arsenale | 1 camera da letto
1 camera da letto
3 letti
,
 · 3 letti
1 bagno
,
 · 1 bagno | Host privato
Host privato",2077 € 1902 € in totale Mostra il dettaglio dei prezzi  Cancellazione gratuita,No,Sì,https://www.airbnb.it/rooms/1609702742836034754
Castello: stanza,Appartamento Venice Rainbow Biennale 3,"Appartamento Venice Rainbow Biennale 3 | 1 letto
1 letto
1 bagno
,
 · 1 bagno | Host privato
Host privato",2320 € in totale Mostra il dettaglio dei prezzi  2320 € in totale Cancellazione gratuita,No,Sì,https://www.airbnb.it/rooms/1314364005004963547
Appartamento ⋅ Castello,Ca' Degli Schiavoni - Canal Grande View Penthouse,"Ca' Degli Schiavoni - Canal Grande View Penthouse | 3 camere da letto
3 camere da letto
4 letti
,
 · 4 letti
3 bagni
,
 · 3 bagni | Host privato
Host privato",10.790 € in totale Mostra il dettaglio dei prezzi  10.790 € in totale Cancellazione gratuita,No,Sì,https://www.airbnb.it/rooms/1577648500181316540
Appartamento ⋅ Castello,Loft Giardini Gold per l'inaugurazione della Biennale,"Loft Giardini Gold per l'inaugurazione della Biennale | 1 camera da letto
1 camera da letto
2 letti
,
 · 2 letti
1 bagno
,
 · 1 bagno | Host privato
Host privato",2760 € 2521 € in totale Mostra il dettaglio dei prezzi  Cancellazione gratuita,No,Sì,https://www.airbnb.it/rooms/1676893608312814407
Appartamento ⋅ San Marco,Ca Ducale Steno charme a 2 minuti da San Marco,"Ca Ducale Steno charme a 2 minuti da San Marco | 1 camera da letto
1 camera da letto
1 letto
,
 · 1 letto
1 bagno
,
 · 1 bagno | Host privato
Host privato",3980 € in totale Mostra il dettaglio dei prezzi  3980 € in totale Cancellazione gratuita,No,Sì,https://www.airbnb.it/rooms/1503802846426640600
Appartamento ⋅ Castello,doge's house,"doge's house | 2 camere da letto
2 camere da letto
2 letti
,
 · 2 letti
2 bagni
,
 · 2 bagni | Host professionista
Host professionista",5689 € 4689 € in totale Mostra il dettaglio dei prezzi  Cancellazione gratuita,No,Sì,https://www.airbnb.it/rooms/1679749385307078283
Appartamento ⋅ Castello,Ca delle Gorne,"Ca delle Gorne | 1 camera da letto
1 camera da letto
1 letto
,
 · 1 letto
1 bagno
,
 · 1 bagno | Host privato
Host privato",4400 € in totale Mostra il dettaglio dei prezzi  4400 € in totale Cancellazione gratuita,No,Sì,https://www.airbnb.it/rooms/1632591955070724620
Castello: stanza,Accogliente camera economy nel cuore di Venezia,"Accogliente camera economy nel cuore di Venezia | 1 letto matrimoniale
1 letto matrimoniale
1 bagno
,
 · 1 bagno | Host professionista
Host professionista",2651 € in totale Mostra il dettaglio dei prezzi  2651 € in totale Cancellazione gratuita,No,Sì,https://www.airbnb.it/rooms/23462657
Appartamento ⋅ Castello,CANAL DREAM nel cuore di VENEZIA San Marco e Biennale,"CANAL DREAM nel cuore di VENEZIA San Marco e Biennale | 1 camera da letto
1 camera da letto
1 letto a 2 piazze
,
 · 1 letto a 2 piazze
1 bagno
,
 · 1 bagno | Host privato
Host privato",7116 € in totale Mostra il dettaglio dei prezzi  7116 € in totale Cancellazione gratuita,No,Sì,https://www.airbnb.it/rooms/53748479
Appartamento ⋅ Castello,Festa di Carnevale in un appartamento dell'Arsenale,"Festa di Carnevale in un appartamento dell'Arsenale | 2 letti
2 letti
1 bagno
,
 · 1 bagno | Host privato
Host privato",1513 € 1395 € in totale Mostra il dettaglio dei prezzi  Cancellazione gratuita,No,Sì,https://www.airbnb.it/rooms/1613209590992756872
Alloggio (Castello),Esperienza in barca Hotel galleggiante,"Esperienza in barca Hotel galleggiante | 2 camere da letto
2 camere da letto
2 letti matrimoniali
,
 · 2 letti matrimoniali
1 bagno
,
 · 1 bagno | Host privato
Host privato",2911 € 2659 € in totale Mostra il dettaglio dei prezzi  Cancellazione gratuita,No,Sì,https://www.airbnb.it/rooms/877337207890881386
Appartamento ⋅ Castello,Piano Nobile con Vista Campo Bragora Lusso e Relax,"Piano Nobile con Vista Campo Bragora Lusso e Relax | 3 camere da letto
3 camere da letto
3 letti
,
 · 3 letti
2 bagni
,
 · 2 bagni | Host privato
Host privato",8148 € in totale Mostra il dettaglio dei prezzi  8148 € in totale Cancellazione gratuita,No,Sì,https://www.airbnb.it/rooms/53229917
Appartamento ⋅ Castello,Terrazza Acquamarina (centro storico),"Terrazza Acquamarina (centro storico) | 1 camera da letto
1 camera da letto
2 letti
,
 · 2 letti
1 bagno
,
 · 1 bagno | Host professionista
Host professionista",5864 € in totale Mostra il dettaglio dei prezzi  5864 € in totale Cancellazione gratuita,No,Sì,https://www.airbnb.it/rooms/777989638097946158
Appartamento ⋅ Castello,TERRACE 3BDR 2BATH TOP loc S.Marc/Biennale,"TERRACE 3BDR 2BATH TOP loc S.Marc/Biennale | 3 camere da letto
3 camere da letto
4 letti
,
 · 4 letti
2 bagni
,
 · 2 bagni | Host professionista
Host professionista",7095 € in totale Mostra il dettaglio dei prezzi  7095 € in totale Cancellazione gratuita,No,Sì,https://www.airbnb.it/rooms/49360706
Castello: stanza,Ca' Leone - Venezia Ampia stanza con bagno privato,"Ca' Leone - Venezia Ampia stanza con bagno privato | 2 letti
2 letti
1 bagno
,
 · 1 bagno | Host professionista
Host professionista",4790 € 4320 € in totale Mostra il dettaglio dei prezzi  Cancellazione gratuita,No,Sì,https://www.airbnb.it/rooms/1178349577327642567
Appartamento ⋅ Castello,Rilassati su una terrazza con vista sul canale!,"Rilassati su una terrazza con vista sul canale! | 2 camere da letto
2 camere da letto
3 letti
,
 · 3 letti
1 bagno
,
 · 1 bagno | Host professionista
Host professionista",7010 € 6309 € in totale Mostra il dettaglio dei prezzi  Cancellazione gratuita,No,Sì,https://www.airbnb.it/rooms/3169118
Appartamento ⋅ Castello,"*Perfetta casa per la Biennale con terrazza, 5 CAMERE DA LETTO, 2,5 BAGNI.","*Perfetta casa per la Biennale con terrazza, 5 CAMERE DA LETTO, 2,5 BAGNI. | 5 camere da letto
5 camere da letto
8 letti
,
 · 8 letti
2,5 bagni (anche di servizio)
,
 · 2,5 bagni (anche di servizio) | Host professionista
Host professionista",10.150 € in totale Mostra il dettaglio dei prezzi  10.150 € in totale Cancellazione gratuita,No,Sì,https://www.airbnb.it/rooms/51757849
Appartamento ⋅ Lido di Venezia,"OASIS-Blue Lagoon Apt, 5 pax, vista laguna.","OASIS-Blue Lagoon Apt, 5 pax, vista laguna. | 3 camere da letto
3 camere da letto
5 letti
,
 · 5 letti
1,5 bagni (anche di servizio)
,
 · 1,5 bagni (anche di servizio) | Host privato
Host privato",15.240 € in totale Mostra il dettaglio dei prezzi  15.240 € in totale,No,No,https://www.airbnb.it/rooms/7681285
Appartamento ⋅ Venezia,"*Perfetta casa per la Biennale con terrazza, 5 CAMERE DA LETTO, 2,5 BAGNI.","*Perfetta casa per la Biennale con terrazza, 5 CAMERE DA LETTO, 2,5 BAGNI. | 5 camere da letto
5 camere da letto
8 letti
,
 · 8 letti
2,5 bagni (anche di servizio)
,
 · 2,5 bagni (anche di servizio) | Host professionista
Host professionista",10.150 € in totale Mostra il dettaglio dei prezzi  10.150 € in totale Cancellazione gratuita,No,Sì,https://www.airbnb.it/rooms/51757849
Appartamento ⋅ Venezia,Appartamento Giardini Venezia Biennale,"Appartamento Giardini Venezia Biennale | 1 camera da letto
1 camera da letto
2 letti singoli
,
 · 2 letti singoli
1 bagno
,
 · 1 bagno | Host privato
Host privato",5627 € in totale Mostra il dettaglio dei prezzi  5627 € in totale Cancellazione gratuita,No,Sì,https://www.airbnb.it/rooms/23122806
Appartamento ⋅ Venezia,Casa Matilde a 2 passi dalla Biennale,"Casa Matilde a 2 passi dalla Biennale | 1 camera da letto
1 camera da letto
1 letto
,
 · 1 letto
1 bagno
,
 · 1 bagno | Host privato
Host privato",4611 € in totale Mostra il dettaglio dei prezzi  4611 € in totale Cancellazione gratuita,No,Sì,https://www.airbnb.it/rooms/1133406627410715320
Appartamento ⋅ Venezia,*Terrazza 2BAGNI 3CAMERE POSIZIONE TOP S.Marc&Biennale/url/1/,"*Terrazza 2BAGNI 3CAMERE POSIZIONE TOP S.Marc&Biennale/url/1/ | 3 camere da letto
3 camere da letto
4 letti
,
 · 4 letti
2 bagni
,
 · 2 bagni | Host professionista
Host professionista",7095 € in totale Mostra il dettaglio dei prezzi  7095 € in totale Cancellazione gratuita,No,Sì,https://www.airbnb.it/rooms/698435356902430959
Appartamento ⋅ Venezia,"Ca' de le Ole, 3 camere, zona Giardini Biennale","Ca' de le Ole, 3 camere, zona Giardini Biennale | 3 camere da letto
3 camere da letto
4 letti
,
 · 4 letti
1 bagno
,
 · 1 bagno | Host professionista
Host professionista",5646 € in totale Mostra il dettaglio dei prezzi  5646 € in totale Cancellazione gratuita,No,Sì,https://www.airbnb.it/rooms/44567393
Appartamento ⋅ Venezia,"Cà Gemma Elegant Venice, a 8 minuti da San Marco","Cà Gemma Elegant Venice, a 8 minuti da San Marco | 3 camere da letto
3 camere da letto
4 letti
,
 · 4 letti
2 bagni
,
 · 2 bagni | Host privato
Host privato",6266 € in totale Mostra il dettaglio dei prezzi  6266 € in totale Cancellazione gratuita,No,Sì,https://www.airbnb.it/rooms/1104799871389380111
Appartamento ⋅ Venezia,GuestHost - Castello Appartamento vista sul Canale,"GuestHost - Castello Appartamento vista sul Canale | 2 camere da letto
2 camere da letto
3 letti
,
 · 3 letti
2 bagni
,
 · 2 bagni | Host professionista
Host professionista",5602 € 4756 € in totale Mostra il dettaglio dei prezzi  Cancellazione gratuita,No,Sì,https://www.airbnb.it/rooms/52643828
Appartamento ⋅ Venezia,Appartamento a Venezia per 7 persone con aria condizionata e wifi,"Appartamento a Venezia per 7 persone con aria condizionata e wifi | 2 camere da letto
2 camere da letto
5 letti
,
 · 5 letti
1 bagno
,
 · 1 bagno | Host professionista
Host professionista",4524 € in totale Mostra il dettaglio dei prezzi  4524 € in totale,No,No,https://www.airbnb.it/rooms/1096925077199733564
Casa ⋅ Venezia,Ver@ Venezi@ intero blocchetto,"Ver@ Venezi@ intero blocchetto | 3 camere da letto
3 camere da letto
3 letti
,
 · 3 letti
3 bagni
,
 · 3 bagni | Host privato
Host privato",11.890 € in totale Mostra il dettaglio dei prezzi  11.890 € in totale Cancellazione gratuita,No,Sì,https://www.airbnb.it/rooms/1262434343445735320
Appartamento ⋅ Venezia,Ca' Navagero 2-Riva degli Schiavoni,"Ca' Navagero 2-Riva degli Schiavoni | 3 camere da letto
3 camere da letto
5 letti
,
 · 5 letti
3 bagni
,
 · 3 bagni | Host professionista
Host professionista",9115 € 8335 € in totale Mostra il dettaglio dei prezzi  Cancellazione gratuita,No,Sì,https://www.airbnb.it/rooms/9748627
Appartamento ⋅ Venezia,Bellissimo appartamento nel centro di Venezia,"Bellissimo appartamento nel centro di Venezia | 1 camera da letto
1 camera da letto
1 letto
,
 · 1 letto
1 bagno
,
 · 1 bagno | Host privato
Host privato",3323 € 3038 € in totale Mostra il dettaglio dei prezzi  Cancellazione gratuita,No,Sì,https://www.airbnb.it/rooms/1434632165575747065
Appartamento ⋅ Venezia,L'altana,"L'altana | 1 camera da letto
1 camera da letto
1 letto matrimoniale grande
,
 · 1 letto matrimoniale grande
1 bagno
,
 · 1 bagno | Host professionista
Host professionista",7110 € 5706 € in totale Mostra il dettaglio dei prezzi  ,No,No,https://www.airbnb.it/rooms/549227960028006295
Casa ⋅ Venezia,Residenza D' Artista a 5 minuti da San Marco,"Residenza D' Artista a 5 minuti da San Marco | 2 camere da letto
2 camere da letto
2 letti
,
 · 2 letti
1 bagno
,
 · 1 bagno | Host privato
Host privato",9744 € 8054 € in totale Mostra il dettaglio dei prezzi  Cancellazione gratuita,No,Sì,https://www.airbnb.it/rooms/1268035283137815749
Appartamento ⋅ Venezia,Suite La Celestia,"Suite La Celestia | 2 letti
2 letti
1 bagno
,
 · 1 bagno | Host privato
Host privato",3696 € in totale Mostra il dettaglio dei prezzi  3696 € in totale Cancellazione gratuita,No,Sì,https://www.airbnb.it/rooms/50499684
Casa vacanze ⋅ Venezia,Studio-Flat appartamento in Venice,"Studio-Flat appartamento in Venice | 1 camera da letto
1 camera da letto
1 letto
,
 · 1 letto
1 bagno
,
 · 1 bagno | Host privato
Host privato",2935 € 2686 € in totale Mostra il dettaglio dei prezzi  Cancellazione gratuita,No,Sì,https://www.airbnb.it/rooms/311472
Appartamento ⋅ Venezia,"Gorne, splendida casa, 2 stanze, 900mt da S. Marco","Gorne, splendida casa, 2 stanze, 900mt da S. Marco | 2 camere da letto
2 camere da letto
2 letti matrimoniali
,
 · 2 letti matrimoniali
1 bagno
,
 · 1 bagno | Host professionista
Host professionista",4969 € in totale Mostra il dettaglio dei prezzi  4969 € in totale Cancellazione gratuita,No,Sì,https://www.airbnb.it/rooms/44549803
Appartamento ⋅ Venezia,"Grazioso appartamento a San Marco, Venezia","Grazioso appartamento a San Marco, Venezia | 3 camere da letto
3 camere da letto
5 letti
,
 · 5 letti
2 bagni
,
 · 2 bagni | Host privato
Host privato",3338 € 3049 € in totale Mostra il dettaglio dei prezzi  Cancellazione gratuita,No,Sì,https://www.airbnb.it/rooms/1654584655126514678
Appartamento ⋅ Castello,Appartamento Laura (vicino alla Biennale Arsenale),"Appartamento Laura (vicino alla Biennale Arsenale) | 1 camera da letto
1 camera da letto
2 letti
,
 · 2 letti
1 bagno
,
 · 1 bagno | Host professionista
Host professionista",5084 € in totale Mostra il dettaglio dei prezzi  5084 € in totale Cancellazione gratuita,No,Sì,https://www.airbnb.it/rooms/22760897
Casa ⋅ Castello,"Il meglio a Venezia, San Marco/Biennale, con terrazza","Il meglio a Venezia, San Marco/Biennale, con terrazza | 5 camere da letto
5 camere da letto
8 letti
,
 · 8 letti
2,5 bagni (anche di servizio)
,
 · 2,5 bagni (anche di servizio) | Host professionista
Host professionista",20.150 € in totale Mostra il dettaglio dei prezzi  20.150 € in totale Cancellazione gratuita,No,Sì,https://www.airbnb.it/rooms/50078067
Appartamento ⋅ Castello,Biennale d'arte di Garden Flat,"Biennale d'arte di Garden Flat | 1 camera da letto
1 camera da letto
2 letti
,
 · 2 letti
1 bagno
,
 · 1 bagno | Host privato
Host privato",3271 € 2704 € in totale Mostra il dettaglio dei prezzi  Cancellazione gratuita,No,Sì,https://www.airbnb.it/rooms/1634780682419167311
Appartamento ⋅ Castello,"Ca' S.Pietro, 2 camere nel cuore di Venezia","Ca' S.Pietro, 2 camere nel cuore di Venezia | 2 camere da letto
2 camere da letto
5 letti singoli
,
 · 5 letti singoli
1 bagno
,
 · 1 bagno | Host professionista
Host professionista",4739 € in totale Mostra il dettaglio dei prezzi  4739 € in totale Cancellazione gratuita,No,Sì,https://www.airbnb.it/rooms/5402038
Appartamento ⋅ Castello,Appartamento Casanova Carnevale centro Venezia,"Appartamento Casanova Carnevale centro Venezia | 1 camera da letto
1 camera da letto
3 letti
,
 · 3 letti
1 bagno
,
 · 1 bagno | Host privato
Host privato",2180 € 2003 € in totale Mostra il dettaglio dei prezzi  Cancellazione gratuita,No,Sì,https://www.airbnb.it/rooms/1613066547037164291
Appartamento ⋅ Castello,Appartamento Casanova all'Arsenale di Venezia,"Appartamento Casanova all'Arsenale di Venezia | 2 camere da letto
2 camere da letto
4 letti
,
 · 4 letti
2 bagni
,
 · 2 bagni | Host privato
Host privato",4355 € 3983 € in totale Mostra il dettaglio dei prezzi  Cancellazione gratuita,No,Sì,https://www.airbnb.it/rooms/1535409734865229753
Appartamento ⋅ Castello,Biennale Arte visive Flat Central,"Biennale Arte visive Flat Central | 1 camera da letto
1 camera da letto
5 letti
,
 · 5 letti
1 bagno
,
 · 1 bagno | Host privato
Host privato",3226 € 2951 € in totale Mostra il dettaglio dei prezzi  Cancellazione gratuita,No,Sì,https://www.airbnb.it/rooms/1670226190039919636
Boutique hotel ⋅ Castello,Camera XVIII - Dimora D'Epoca Trevisan,"Camera XVIII - Dimora D'Epoca Trevisan | 1 camera da letto
1 camera da letto
1 letto
,
 · 1 letto
1 bagno
,
 · 1 bagno | Host professionista
Host professionista",5790 € 4642 € in totale Mostra il dettaglio dei prezzi  Cancellazione gratuita,No,Sì,https://www.airbnb.it/rooms/1615235536557294125
Appartamento ⋅ Castello,Appartamento veneziano super romantico,"Appartamento veneziano super romantico | 1 camera da letto
1 camera da letto
1 letto
,
 · 1 letto
1 bagno
,
 · 1 bagno | Host privato
Host privato",3276 € 2996 € in totale Mostra il dettaglio dei prezzi  Cancellazione gratuita,No,Sì,https://www.airbnb.it/rooms/1634789386010924342
Appartamento ⋅ Castello,Moderno appartamento con terrazza in posizione centrale,"Moderno appartamento con terrazza in posizione centrale | 1 camera da letto
1 camera da letto
2 letti
,
 · 2 letti
1 bagno
,
 · 1 bagno | Host privato
Host privato",4476 € 3716 € in totale Mostra il dettaglio dei prezzi  Cancellazione gratuita,No,Sì,https://www.airbnb.it/rooms/1657359309303952633
Appartamento ⋅ Castello,Appartamento magico Giardini Casanova,"Appartamento magico Giardini Casanova | 1 camera da letto
1 camera da letto
1 letto
,
 · 1 letto
1 bagno
,
 · 1 bagno | Host privato
Host privato",3591 € 3284 € in totale Mostra il dettaglio dei prezzi  Cancellazione gratuita,No,Sì,https://www.airbnb.it/rooms/1434972861498189112
Appartamento ⋅ Castello,Arsenale Biennale Appartamento Venezia centro,"Arsenale Biennale Appartamento Venezia centro | 1 camera da letto
1 camera da letto
2 letti
,
 · 2 letti
1 bagno
,
 · 1 bagno | Host privato
Host privato",3622 € 3313 € in totale Mostra il dettaglio dei prezzi  Cancellazione gratuita,No,Sì,https://www.airbnb.it/rooms/1665278779773117036
Appartamento ⋅ Castello,Nuovo appartamento centrale Arsenale,"Nuovo appartamento centrale Arsenale | 2 letti
2 letti
1 bagno
,
 · 1 bagno | Host privato
Host privato",3373 € 3081 € in totale Mostra il dettaglio dei prezzi  Cancellazione gratuita,No,Sì,https://www.airbnb.it/rooms/1613675323075489263
Appartamento ⋅ Castello,Palace Inn – Appartamento super lussuoso,"Palace Inn – Appartamento super lussuoso | 1 camera da letto
1 camera da letto
4 letti
,
 · 4 letti
1 bagno
,
 · 1 bagno | Host privato
Host privato",3432 € 2839 € in totale Mostra il dettaglio dei prezzi  Cancellazione gratuita,No,Sì,https://www.airbnb.it/rooms/1667505864578579361
Appartamento ⋅ Castello,Appartamento con terrazza e vista sul giardino in posizione centrale a San Marco,"Appartamento con terrazza e vista sul giardino in posizione centrale a San Marco | 1 camera da letto
1 camera da letto
4 letti
,
 · 4 letti
1 bagno
,
 · 1 bagno | Host privato
Host privato",3287 € 3007 € in totale Mostra il dettaglio dei prezzi  Cancellazione gratuita,No,Sì,https://www.airbnb.it/rooms/1668985392785079777
Appartamento ⋅ Castello,Art Flat Magic Palace a Venezia,"Art Flat Magic Palace a Venezia | 1 camera da letto
1 camera da letto
4 letti
,
 · 4 letti
1 bagno
,
 · 1 bagno | Host privato
Host privato",4102 € 3752 € in totale Mostra il dettaglio dei prezzi  Cancellazione gratuita,No,Sì,https://www.airbnb.it/rooms/1666032584467209303
Appartamento ⋅ Castello,Sissi Suite,"Sissi Suite | 1 camera da letto
1 camera da letto
1 letto
,
 · 1 letto
1 bagno
,
 · 1 bagno | Host professionista
Host professionista",4721 € in totale Mostra il dettaglio dei prezzi  4721 € in totale Cancellazione gratuita,No,Sì,https://www.airbnb.it/rooms/6782983
Appartamento ⋅ Castello,Appartamento di lusso a Venezia Centro,"Appartamento di lusso a Venezia Centro | 1 camera da letto
1 camera da letto
1 letto
,
 · 1 letto
1 bagno
,
 · 1 bagno | Host privato
Host privato",3313 € 2741 € in totale Mostra il dettaglio dei prezzi  Cancellazione gratuita,No,Sì,https://www.airbnb.it/rooms/1533411709831125611
Appartamento ⋅ Castello,"Palace Inn – Appartamento all'Arsenale, vicino alla Biennale","Palace Inn – Appartamento all'Arsenale, vicino alla Biennale | 1 camera da letto
1 camera da letto
4 letti
,
 · 4 letti
1 bagno
,
 · 1 bagno | Host privato
Host privato",3369 € 3080 € in totale Mostra il dettaglio dei prezzi  Cancellazione gratuita,No,Sì,https://www.airbnb.it/rooms/1667498617864239556
Alloggio (Castello),Porta da Mar - Piccola camera matrimoniale,"Porta da Mar - Piccola camera matrimoniale | 1 camera da letto
1 camera da letto
1 letto
,
 · 1 letto
1 bagno
,
 · 1 bagno | Host privato
Host privato",4843 € 3883 € in totale Mostra il dettaglio dei prezzi  Cancellazione gratuita,No,Sì,https://www.airbnb.it/rooms/1630538086673461402
Camera d'hotel ⋅ Castello,lussuoso appartamento 4 persone Piazza San Marco,"lussuoso appartamento 4 persone Piazza San Marco | 2 camere da letto
2 camere da letto
3 letti
,
 · 3 letti
1 bagno
,
 · 1 bagno | Host professionista
Host professionista",6490 € 5841 € in totale Mostra il dettaglio dei prezzi  Cancellazione gratuita,No,Sì,https://www.airbnb.it/rooms/15800362
Castello: stanza,Quarto do Filipe - Stanza doppia 5min da S.Marco -,"Quarto do Filipe - Stanza doppia 5min da S.Marco - | 1 letto matrimoniale
1 letto matrimoniale
1 bagno
,
 · 1 bagno | Host privato
Host privato",11.206 € 8206 € in totale Mostra il dettaglio dei prezzi  Cancellazione gratuita,No,Sì,https://www.airbnb.it/rooms/14291099
Appartamento ⋅ Castello,Lion Palace con vista sul canale,"Lion Palace con vista sul canale | 1 camera da letto
1 camera da letto
1 letto a 2 piazze
,
 · 1 letto a 2 piazze
1,5 bagni (anche di servizio)
,
 · 1,5 bagni (anche di servizio) | Host professionista
Host professionista",5597 € in totale Mostra il dettaglio dei prezzi  5597 € in totale Cancellazione gratuita,No,Sì,https://www.airbnb.it/rooms/49646809
Camera d'hotel ⋅ Castello,Appartamento di lusso per 4 persone in Piazza San Marco,"Appartamento di lusso per 4 persone in Piazza San Marco | 3 camere da letto
3 camere da letto
3 letti
,
 · 3 letti
1,5 bagni (anche di servizio)
,
 · 1,5 bagni (anche di servizio) | Host professionista
Host professionista",8260 € 7434 € in totale Mostra il dettaglio dei prezzi  Cancellazione gratuita,No,Sì,https://www.airbnb.it/rooms/15812750
Appartamento ⋅ Castello,Ca' Navagero Riva - Piano nobile,"Ca' Navagero Riva - Piano nobile | 4 camere da letto
4 camere da letto
4 letti
,
 · 4 letti
4 bagni
,
 · 4 bagni | Host professionista
Host professionista",25.930 € in totale Mostra il dettaglio dei prezzi  25.930 € in totale Cancellazione gratuita,No,Sì,https://www.airbnb.it/rooms/841909187216059653
Alloggio (Castello),"Camere bagno condiviso, 3 persone, Venezia centro","Camere bagno condiviso, 3 persone, Venezia centro | 1 camera da letto
1 camera da letto
3 letti singoli
,
 · 3 letti singoli
1 bagno
,
 · 1 bagno | Host professionista
Host professionista",2914 € in totale Mostra il dettaglio dei prezzi  2914 € in totale Cancellazione gratuita,No,Sì,https://www.airbnb.it/rooms/314923
Castello: stanza,"Camere bagno condiviso, 2 persone, Venezia centro","Camere bagno condiviso, 2 persone, Venezia centro | 1 letto matrimoniale
1 letto matrimoniale
1 bagno
,
 · 1 bagno | Host professionista
Host professionista",2717 € in totale Mostra il dettaglio dei prezzi  2717 € in totale Cancellazione gratuita,No,Sì,https://www.airbnb.it/rooms/44571378
Appartamento ⋅ Castello,Ca' Fontana,"Ca' Fontana | 1 camera da letto
1 camera da letto
1 letto a 2 piazze
,
 · 1 letto a 2 piazze
1 bagno
,
 · 1 bagno | Host professionista
Host professionista",6121 € in totale Mostra il dettaglio dei prezzi  6121 € in totale Cancellazione gratuita,No,Sì,https://www.airbnb.it/rooms/43722291
Alloggio (Castello),Porta da Mar - Camera matrimoniale o doppia,"Porta da Mar - Camera matrimoniale o doppia | 1 camera da letto
1 camera da letto
1 letto
,
 · 1 letto
1 bagno
,
 · 1 bagno | Host privato
Host privato",5615 € 5058 € in totale Mostra il dettaglio dei prezzi  Cancellazione gratuita,No,Sì,https://www.airbnb.it/rooms/1256294037813987218
Appartamento ⋅ Castello,Appartamento R&R con vista sul canale di Santa Giustina,"Appartamento R&R con vista sul canale di Santa Giustina | 2 camere da letto
2 camere da letto
3 letti
,
 · 3 letti
2 bagni
,
 · 2 bagni | Host professionista
Host professionista",8152 € in totale Mostra il dettaglio dei prezzi  8152 € in totale Cancellazione gratuita,No,Sì,https://www.airbnb.it/rooms/1049918743056228216
Boutique hotel ⋅ Castello,Camera XVII - Dimora D'Epoca Trevisan,"Camera XVII - Dimora D'Epoca Trevisan | 1 camera da letto
1 camera da letto
1 letto
,
 · 1 letto
2 bagni
,
 · 2 bagni | Host professionista
Host professionista",5910 € 4738 € in totale Mostra il dettaglio dei prezzi  Cancellazione gratuita,No,Sì,https://www.airbnb.it/rooms/1614664451826256106
Appartamento ⋅ Castello,Elegante Dimora Nel Fascino Autentico Di Castello,"Elegante Dimora Nel Fascino Autentico Di Castello | 4 camere da letto
4 camere da letto
4 letti
,
 · 4 letti
4 bagni
,
 · 4 bagni | Host professionista
Host professionista",20.022 € in totale Mostra il dettaglio dei prezzi  20.022 € in totale Cancellazione gratuita,No,Sì,https://www.airbnb.it/rooms/1674497605192300556
Appartamento ⋅ Castello,Nuovo appartamento di lusso Arsenale Biennale,"Nuovo appartamento di lusso Arsenale Biennale | 2 camere da letto
2 camere da letto
5 letti
,
 · 5 letti
2 bagni
,
 · 2 bagni | Host privato
Host privato",4875 € 4029 € in totale Mostra il dettaglio dei prezzi  Cancellazione gratuita,No,Sì,https://www.airbnb.it/rooms/1604302793116361128
Appartamento ⋅ Castello,Sogno sull'acqua,"Sogno sull'acqua | 3 camere da letto
3 camere da letto
3 letti a 2 piazze
,
 · 3 letti a 2 piazze
3 bagni
,
 · 3 bagni | Host professionista
Host professionista",11.975 € in totale Mostra il dettaglio dei prezzi  11.975 € in totale Cancellazione gratuita,No,Sì,https://www.airbnb.it/rooms/53058369
Alloggio (Castello),in barca al prezzo di una casa,"in barca al prezzo di una casa | 3 camere da letto
3 camere da letto
3 letti a 2 piazze
,
 · 3 letti a 2 piazze
1,5 bagni (anche di servizio)
,
 · 1,5 bagni (anche di servizio) | Host professionista
Host professionista",6977 € 5864 € in totale Mostra il dettaglio dei prezzi  Cancellazione gratuita,No,Sì,https://www.airbnb.it/rooms/53716520
Alloggio (Castello),Incantevole camera rosa centralissima,"Incantevole camera rosa centralissima | 1 camera da letto
1 camera da letto
2 letti
,
 · 2 letti
2 bagni
,
 · 2 bagni | Host professionista
Host professionista",5274 € 4553 € in totale Mostra il dettaglio dei prezzi  Cancellazione gratuita,No,Sì,https://www.airbnb.it/rooms/1678906956560557251
Appartamento ⋅ Castello,Brunelleschi,"Brunelleschi | 3 camere da letto
3 camere da letto
3 letti matrimoniali grandi
,
 · 3 letti matrimoniali grandi
3 bagni
,
 · 3 bagni | Host professionista
Host professionista",18.000 € 15.300 € in totale Mostra il dettaglio dei prezzi  ,No,No,https://www.airbnb.it/rooms/1568038261457564615
Appartamento ⋅ Castello,Corte dei Greci,"Corte dei Greci | 2 camere da letto
2 camere da letto
2 letti matrimoniali
,
 · 2 letti matrimoniali
2 bagni
,
 · 2 bagni | Host professionista
Host professionista",9566 € in totale Mostra il dettaglio dei prezzi  9566 € in totale Cancellazione gratuita,No,Sì,https://www.airbnb.it/rooms/1520852133657909788
Appartamento ⋅ Castello,Biennale d'arte dell'appartamento veneziano,"Biennale d'arte dell'appartamento veneziano | 2 letti
2 letti
1 bagno
,
 · 1 bagno | Host privato
Host privato",3119 € 2849 € in totale Mostra il dettaglio dei prezzi  Cancellazione gratuita,No,Sì,https://www.airbnb.it/rooms/1614013707813853370
Appartamento ⋅ Castello,Vera Venezia Uno e Due,"Vera Venezia Uno e Due | 2 camere da letto
2 camere da letto
2 letti
,
 · 2 letti
2 bagni
,
 · 2 bagni | Host privato
Host privato",9761 € in totale Mostra il dettaglio dei prezzi  9761 € in totale Cancellazione gratuita,No,Sì,https://www.airbnb.it/rooms/566661455410636978
Casa galleggiante ⋅ San Marco,Casa galleggiante a Venezia fino a 6 persone,"Casa galleggiante a Venezia fino a 6 persone | 3 camere da letto
3 camere da letto
4 letti
,
 · 4 letti
3 bagni
,
 · 3 bagni | Host professionista
Host professionista",5810 € in totale Mostra il dettaglio dei prezzi  5810 € in totale Cancellazione gratuita,No,Sì,https://www.airbnb.it/rooms/1259330569663834828
Appartamento ⋅ Castello,Appartamento romantico nel centro di Venezia,"Appartamento romantico nel centro di Venezia | 1 camera da letto
1 camera da letto
1 letto
,
 · 1 letto
1 bagno
,
 · 1 bagno | Host privato
Host privato",4365 € 3605 € in totale Mostra il dettaglio dei prezzi  Cancellazione gratuita,No,Sì,https://www.airbnb.it/rooms/1537066270582766684
Appartamento ⋅ Castello,Appartamento romantico super centrale Do pozzi,"Appartamento romantico super centrale Do pozzi | 1 camera da letto
1 camera da letto
3 letti
,
 · 3 letti
1 bagno
,
 · 1 bagno | Host privato
Host privato",2837 € 2361 € in totale Mostra il dettaglio dei prezzi  Cancellazione gratuita,No,Sì,https://www.airbnb.it/rooms/1613082004485155883
Appartamento ⋅ Castello,tra la Biennale e Piazza San Marco,"tra la Biennale e Piazza San Marco | 2 camere da letto
2 camere da letto
2 letti
,
 · 2 letti
2 bagni
,
 · 2 bagni | Host privato
Host privato",10.070 € in totale Mostra il dettaglio dei prezzi  10.070 € in totale Cancellazione gratuita,No,Sì,https://www.airbnb.it/rooms/4929237
Appartamento ⋅ Castello,Appartamento Casanova nel centro di Venezia,"Appartamento Casanova nel centro di Venezia | 2 camere da letto
2 camere da letto
4 letti
,
 · 4 letti
2 bagni
,
 · 2 bagni | Host privato
Host privato",4220 € 3491 € in totale Mostra il dettaglio dei prezzi  Cancellazione gratuita,No,Sì,https://www.airbnb.it/rooms/1609698362298973427
Boutique hotel ⋅ Castello,"Dimora D'Epoca Malipiero, Stanza bembo","Dimora D'Epoca Malipiero, Stanza bembo | 1 camera da letto
1 camera da letto
1 letto
,
 · 1 letto
1 bagno
,
 · 1 bagno | Host professionista
Host professionista",9320 € 7466 € in totale Mostra il dettaglio dei prezzi  Cancellazione gratuita,No,Sì,https://www.airbnb.it/rooms/1612229054422916897
Boutique hotel ⋅ Castello,"Dimora D'Epoca Malipiero, Stanza diedo","Dimora D'Epoca Malipiero, Stanza diedo | 1 camera da letto
1 camera da letto
1 letto
,
 · 1 letto
1 bagno
,
 · 1 bagno | Host professionista
Host professionista",10.490 € 8404 € in totale Mostra il dettaglio dei prezzi  Cancellazione gratuita,No,Sì,https://www.airbnb.it/rooms/1604599376938215047
Boutique hotel ⋅ Castello,"Dimora D'Epoca Malipiero, Stanza zen","Dimora D'Epoca Malipiero, Stanza zen | 1 camera da letto
1 camera da letto
2 letti
,
 · 2 letti
1 bagno
,
 · 1 bagno | Host professionista
Host professionista",11.650 € 9332 € in totale Mostra il dettaglio dei prezzi  Cancellazione gratuita,No,Sì,https://www.airbnb.it/rooms/1603891804098735846
Boutique hotel ⋅ Castello,"Dimora D'Epoca Malipiero, Stanza trevisan","Dimora D'Epoca Malipiero, Stanza trevisan | 1 camera da letto
1 camera da letto
1 letto
,
 · 1 letto
1 bagno
,
 · 1 bagno | Host professionista
Host professionista",10.490 € 8404 € in totale Mostra il dettaglio dei prezzi  Cancellazione gratuita,No,Sì,https://www.airbnb.it/rooms/1603917154469410483
Appartamento ⋅ Castello,Casanova Giardini biennale,"Casanova Giardini biennale | 1 camera da letto
1 camera da letto
3 letti
,
 · 3 letti
1 bagno
,
 · 1 bagno | Host privato
Host privato",3576 € 3269 € in totale Mostra il dettaglio dei prezzi  Cancellazione gratuita,No,Sì,https://www.airbnb.it/rooms/1528474798662315831
Appartamento ⋅ Castello,Perfetto per visitare Venezia - Nido San Marco,"Perfetto per visitare Venezia - Nido San Marco | 1 camera da letto
1 camera da letto
2 letti
,
 · 2 letti
1 bagno
,
 · 1 bagno | Host privato
Host privato",4962 € 4539 € in totale Mostra il dettaglio dei prezzi  Cancellazione gratuita,No,Sì,https://www.airbnb.it/rooms/1640671049347253133
