bigramma,n
air conditioning,1602
st marks,1599
washing machine,848
grocery store,749
via garibaldi,729
clear instructions,604
equipped kitchen,497
spotlessly clean,496
fully equipped,494
tourist attractions,461
b b,450
beautifully decorated,445
ground floor,400
roof terrace,379
major attractions,378
top floor,375
air bnb,374
warm welcome,354
extremely clean,353
grazie mille,334
public transport,325
front door,320
sparkling clean,296
anyone visiting,293
easily accessible,290
sofa bed,279
rooftop terrace,272
air conditioner,270
air con,262
nicely decorated,254
wi fi,247
beaten path,242
detailed instructions,234
brand new,226
responded quickly,225
year old,225
clean modern,223
tourist crowds,221
grocery stores,219
tourist spots,218
